subwayId,statnNm,arvlMsg2,arvlMsg3,arvlCd,barvlDt,bstatnNm,updnLine,lstcarAt,status,code,message,statnId,updnLine_realtime,status_realtime,code_realtime,message_realtime
1호선,남영,남영 도착,남영,도착,0,광운대,상행,0,200,INFO-000,정상 처리되었습니다.,1001000134,0,200,INFO-000,정상 처리되었습니다.
1호선,관악,관악 진입,관악,진입,0,광운대,상행,0,200,INFO-000,정상 처리되었습니다.,1001080146,0,200,INFO-000,정상 처리되었습니다.
1호선,금정,금정 도착,금정,도착,0,광운대,상행,0,200,INFO-000,정상 처리되었습니다.,1001080149,0,200,INFO-000,정상 처리되었습니다.
1호선,천안,천안 도착,천안,도착,0,광운대,상행,0,200,INFO-000,정상 처리되었습니다.,1001080169,1,200,INFO-000,정상 처리되었습니다.
1호선,신설동,신설동 도착,신설동,도착,0,광운대,상행,0,200,INFO-000,정상 처리되었습니다.,1001000126,1,200,INFO-000,정상 처리되었습니다.
1호선,망월사,[4]번째 전역 (창동),창동,운행중,0,의정부,상행,0,200,INFO-000,정상 처리되었습니다.,1001000112,0,200,INFO-000,정상 처리되었습니다.
1호선,청량리,[4]번째 전역 (동대문),동대문,운행중,0,의정부,상행,0,200,INFO-000,정상 처리되었습니다.,1001000124,1,200,INFO-000,정상 처리되었습니다.
1호선,청량리,6분 5초 후 (동대문),동대문,운행중,365,의정부,상행,0,200,INFO-000,정상 처리되었습니다.,1001000124,1,200,INFO-000,정상 처리되었습니다.
1호선,녹양,[4]번째 전역 (망월사),망월사,운행중,0,연천,상행,0,200,INFO-000,정상 처리되었습니다.,1001000108,1,200,INFO-000,정상 처리되었습니다.
1호선,용산,[4]번째 전역 (영등포),영등포,운행중,0,연천,상행,0,200,INFO-000,정상 처리되었습니다.,1001000135,1,200,INFO-000,정상 처리되었습니다.
1호선,광운대,[4]번째 전역 (회기),회기,운행중,0,양주,상행,0,200,INFO-000,정상 처리되었습니다.,1001000119,1,200,INFO-000,정상 처리되었습니다.
1호선,역곡,[4]번째 전역 (송내),송내,운행중,0,양주,상행,0,200,INFO-000,정상 처리되었습니다.,1001000146,1,200,INFO-000,정상 처리되었습니다.
1호선,동대문,7분 56초 후 (시청),시청,운행중,476,양주,상행,0,200,INFO-000,정상 처리되었습니다.,1001000128,1,200,INFO-000,정상 처리되었습니다.
1호선,인천,[23]번째 전역 (용산),용산,운행중,0,동인천,하행,0,200,INFO-000,정상 처리되었습니다.,1001000161,0,200,INFO-000,정상 처리되었습니다.
1호선,천안,[22]번째 전역 (안양),안양,운행중,0,천안 (급행),하행,0,200,INFO-000,정상 처리되었습니다.,1001080169,1,200,INFO-000,정상 처리되었습니다.
1호선,구일,[36]번째 전역 (동두천중앙),동두천중앙,운행중,0,인천,하행,0,200,INFO-000,정상 처리되었습니다.,1001000142,0,200,INFO-000,정상 처리되었습니다.
1호선,두정,[33]번째 전역 (용산),용산,운행중,0,신창,하행,0,200,INFO-000,정상 처리되었습니다.,1001080168,0,200,INFO-000,정상 처리되었습니다.
1호선,직산,[32]번째 전역 (용산),용산,운행중,0,신창,하행,0,200,INFO-000,정상 처리되었습니다.,1001080167,1,200,INFO-000,정상 처리되었습니다.
1호선,성환,[31]번째 전역 (용산),용산,운행중,0,신창,하행,0,200,INFO-000,정상 처리되었습니다.,1001080166,0,200,INFO-000,정상 처리되었습니다.
1호선,평택,[30]번째 전역 (용산),용산,운행중,0,신창,하행,0,200,INFO-000,정상 처리되었습니다.,1001080165,1,200,INFO-000,정상 처리되었습니다.
1호선,지제,[29]번째 전역 (용산),용산,운행중,0,신창,하행,0,200,INFO-000,정상 처리되었습니다.,1001080164,0,200,INFO-000,정상 처리되었습니다.
1호선,진위,[26]번째 전역 (용산),용산,운행중,0,신창,하행,0,200,INFO-000,정상 처리되었습니다.,1001080161,1,200,INFO-000,정상 처리되었습니다.
1호선,오산,[25]번째 전역 (용산),용산,운행중,0,신창,하행,0,200,INFO-000,정상 처리되었습니다.,1001080160,0,200,INFO-000,정상 처리되었습니다.
1호선,금천구청,금천구청 도착,금천구청,도착,0,광운대,상행,0,200,INFO-000,정상 처리되었습니다.,1001080144,0,200,INFO-000,정상 처리되었습니다.
1호선,주안,[18]번째 전역 (용산),용산,운행중,0,동인천,하행,0,200,INFO-000,정상 처리되었습니다.,1001000156,1,200,INFO-000,정상 처리되었습니다.
1호선,구로,[17]번째 전역 (청량리),청량리,운행중,0,신창 (급행),하행,0,200,INFO-000,정상 처리되었습니다.,1001000141,0,200,INFO-000,정상 처리되었습니다.
1호선,신도림,[16]번째 전역 (청량리),청량리,운행중,0,신창 (급행),하행,0,200,INFO-000,정상 처리되었습니다.,1001000140,1,200,INFO-000,정상 처리되었습니다.
1호선,영등포,[15]번째 전역 (청량리),청량리,운행중,0,신창 (급행),하행,0,200,INFO-000,정상 처리되었습니다.,1001000139,0,200,INFO-000,정상 처리되었습니다.
1호선,군포,[15]번째 전역 (용산),용산,운행중,0,신창,하행,0,200,INFO-000,정상 처리되었습니다.,1001080150,1,200,INFO-000,정상 처리되었습니다.
1호선,신길,[14]번째 전역 (청량리),청량리,운행중,0,신창 (급행),하행,0,200,INFO-000,정상 처리되었습니다.,1001000138,0,200,INFO-000,정상 처리되었습니다.
1호선,금정,[14]번째 전역 (용산),용산,운행중,0,신창,하행,0,200,INFO-000,정상 처리되었습니다.,1001080149,0,200,INFO-000,정상 처리되었습니다.
1호선,대방,[13]번째 전역 (청량리),청량리,운행중,0,신창 (급행),하행,0,200,INFO-000,정상 처리되었습니다.,1001000137,0,200,INFO-000,정상 처리되었습니다.
1호선,동인천,동인천 도착,동인천,도착,0,동두천 (급행),상행,0,200,INFO-000,정상 처리되었습니다.,1001000160,1,200,INFO-000,정상 처리되었습니다.
1호선,대방,대방 도착,대방,도착,0,동두천 (급행),상행,0,200,INFO-000,정상 처리되었습니다.,1001000137,0,200,INFO-000,정상 처리되었습니다.
1호선,영등포,영등포 진입,영등포,진입,0,연천,상행,0,200,INFO-000,정상 처리되었습니다.,1001000139,0,200,INFO-000,정상 처리되었습니다.
1호선,안양,[12]번째 전역 (용산),용산,운행중,0,신창,하행,0,200,INFO-000,정상 처리되었습니다.,1001080147,1,200,INFO-000,정상 처리되었습니다.
1호선,용산,[11]번째 전역 (청량리),청량리,운행중,0,신창 (급행),하행,0,200,INFO-000,정상 처리되었습니다.,1001000135,1,200,INFO-000,정상 처리되었습니다.
1호선,서울,[11]번째 전역 (외대앞),외대앞,운행중,0,신창,하행,0,200,INFO-000,정상 처리되었습니다.,1001000133,1,200,INFO-000,정상 처리되었습니다.
1호선,영등포,[11]번째 전역 (동대문),동대문,운행중,0,병점,하행,0,200,INFO-000,정상 처리되었습니다.,1001000139,0,200,INFO-000,정상 처리되었습니다.
1호선,시청,[10]번째 전역 (외대앞),외대앞,운행중,0,신창,하행,0,200,INFO-000,정상 처리되었습니다.,1001000132,0,200,INFO-000,정상 처리되었습니다.
1호선,인천,인천 도착,인천,도착,0,양주,상행,0,200,INFO-000,정상 처리되었습니다.,1001000161,0,200,INFO-000,정상 처리되었습니다.
1호선,가능,가능 도착,가능,도착,0,양주,상행,0,200,INFO-000,정상 처리되었습니다.,1001000109,0,200,INFO-000,정상 처리되었습니다.
1호선,회기,회기 도착,회기,도착,0,양주,상행,0,200,INFO-000,정상 처리되었습니다.,1001000123,0,200,INFO-000,정상 처리되었습니다.
1호선,송내,송내 도착,송내,도착,0,양주,상행,0,200,INFO-000,정상 처리되었습니다.,1001000150,0,200,INFO-000,정상 처리되었습니다.
1호선,시청,시청 도착,시청,도착,0,양주,상행,0,200,INFO-000,정상 처리되었습니다.,1001000132,0,200,INFO-000,정상 처리되었습니다.
1호선,광운대,광운대 진입,광운대,진입,0,소요산,상행,0,200,INFO-000,정상 처리되었습니다.,1001000119,1,200,INFO-000,정상 처리되었습니다.
1호선,소요산,소요산 진입,소요산,진입,0,소요산,상행,0,200,INFO-000,정상 처리되었습니다.,1001000100,1,200,INFO-000,정상 처리되었습니다.
1호선,역곡,역곡 진입,역곡,진입,0,소요산,상행,0,200,INFO-000,정상 처리되었습니다.,1001000146,1,200,INFO-000,정상 처리되었습니다.
1호선,오산,오산 도착,오산,도착,0,병점,상행,0,200,INFO-000,정상 처리되었습니다.,1001080160,0,200,INFO-000,정상 처리되었습니다.
1호선,구일,구일 도착,구일,도착,0,의정부,상행,0,200,INFO-000,정상 처리되었습니다.,1001000142,0,200,INFO-000,정상 처리되었습니다.
1호선,동대문,동대문 도착,동대문,도착,0,의정부,상행,0,200,INFO-000,정상 처리되었습니다.,1001000128,1,200,INFO-000,정상 처리되었습니다.
1호선,창동,창동 진입,창동,진입,0,의정부,상행,0,200,INFO-000,정상 처리되었습니다.,1001000116,0,200,INFO-000,정상 처리되었습니다.
1호선,신길,[10]번째 전역 (동대문),동대문,운행중,0,병점,하행,0,200,INFO-000,정상 처리되었습니다.,1001000138,0,200,INFO-000,정상 처리되었습니다.
1호선,종각,[9]번째 전역 (외대앞),외대앞,운행중,0,신창,하행,0,200,INFO-000,정상 처리되었습니다.,1001000131,1,200,INFO-000,정상 처리되었습니다.
1호선,대방,[9]번째 전역 (동대문),동대문,운행중,0,병점,하행,0,200,INFO-000,정상 처리되었습니다.,1001000137,0,200,INFO-000,정상 처리되었습니다.
1호선,백운,백운 도착,백운,도착,0,의정부,상행,0,200,INFO-000,정상 처리되었습니다.,1001000153,1,200,INFO-000,정상 처리되었습니다.
1호선,동인천,동인천 진입,동인천,진입,0,용산 (특급),상행,0,200,INFO-000,정상 처리되었습니다.,1001000160,1,200,INFO-000,정상 처리되었습니다.
1호선,주안,주안 진입,주안,진입,0,용산 (특급),상행,0,200,INFO-000,정상 처리되었습니다.,1001000156,1,200,INFO-000,정상 처리되었습니다.
1호선,용산,용산 도착,용산,도착,0,용산 (급행),상행,0,200,INFO-000,정상 처리되었습니다.,1001000135,1,200,INFO-000,정상 처리되었습니다.
1호선,역곡,역곡 도착,역곡,도착,0,용산 (급행),상행,0,200,INFO-000,정상 처리되었습니다.,1001000146,1,200,INFO-000,정상 처리되었습니다.
1호선,독산,독산 도착,독산,도착,0,영등포,상행,0,200,INFO-000,정상 처리되었습니다.,1001080143,1,200,INFO-000,정상 처리되었습니다.
1호선,망월사,망월사 진입,망월사,진입,0,연천,상행,0,200,INFO-000,정상 처리되었습니다.,1001000112,0,200,INFO-000,정상 처리되었습니다.
1호선,동묘앞,[8]번째 전역 (광운대),광운대,운행중,0,서동탄,하행,0,200,INFO-000,정상 처리되었습니다.,1001000127,0,200,INFO-000,정상 처리되었습니다.
1호선,가산디지털단지,[8]번째 전역 (남영),남영,운행중,0,서동탄,하행,0,200,INFO-000,정상 처리되었습니다.,1001080142,0,200,INFO-000,정상 처리되었습니다.
1호선,송내,[8]번째 전역 (구일),구일,운행중,0,인천,하행,0,200,INFO-000,정상 처리되었습니다.,1001000150,0,200,INFO-000,정상 처리되었습니다.
1호선,수원,수원 도착,수원,도착,0,청량리 (급행),상행,0,200,INFO-000,정상 처리되었습니다.,1001080155,0,200,INFO-000,정상 처리되었습니다.
1호선,구로,구로 도착,구로,도착,0,청량리,상행,0,200,INFO-000,정상 처리되었습니다.,1001000141,0,200,INFO-000,정상 처리되었습니다.
1호선,종각,종각 도착,종각,도착,0,청량리,상행,0,200,INFO-000,정상 처리되었습니다.,1001000131,1,200,INFO-000,정상 처리되었습니다.
1호선,지제,지제 도착,지제,도착,0,청량리,상행,0,200,INFO-000,정상 처리되었습니다.,1001080164,0,200,INFO-000,정상 처리되었습니다.
1호선,신설동,[7]번째 전역 (광운대),광운대,운행중,0,서동탄,하행,0,200,INFO-000,정상 처리되었습니다.,1001000126,1,200,INFO-000,정상 처리되었습니다.
1호선,구로,[7]번째 전역 (남영),남영,운행중,0,서동탄,하행,0,200,INFO-000,정상 처리되었습니다.,1001000141,0,200,INFO-000,정상 처리되었습니다.
1호선,용산,[7]번째 전역 (동대문),동대문,운행중,0,병점,하행,0,200,INFO-000,정상 처리되었습니다.,1001000135,1,200,INFO-000,정상 처리되었습니다.
1호선,동인천,[7]번째 전역 (백운),백운,운행중,0,인천,하행,0,200,INFO-000,정상 처리되었습니다.,1001000160,1,200,INFO-000,정상 처리되었습니다.
1호선,직산,전역 도착,두정,전역도착,0,구로 (급행),상행,0,200,INFO-000,정상 처리되었습니다.,1001080167,1,200,INFO-000,정상 처리되었습니다.
1호선,석수,전역 진입,관악,전역진입,0,광운대,상행,0,200,INFO-000,정상 처리되었습니다.,1001080145,1,200,INFO-000,정상 처리되었습니다.
1호선,성환,[5]번째 전역 (진위),진위,운행중,0,신창,하행,0,200,INFO-000,정상 처리되었습니다.,1001080166,0,200,INFO-000,정상 처리되었습니다.
1호선,주안,[5]번째 전역 (부개),부개,운행중,0,인천,하행,0,200,INFO-000,정상 처리되었습니다.,1001000156,1,200,INFO-000,정상 처리되었습니다.
1호선,천안,[5]번째 전역 (지제),지제,운행중,0,천안,하행,0,200,INFO-000,정상 처리되었습니다.,1001080169,1,200,INFO-000,정상 처리되었습니다.
1호선,신도림,[6]번째 전역 (남영),남영,운행중,0,서동탄,하행,0,200,INFO-000,정상 처리되었습니다.,1001000140,1,200,INFO-000,정상 처리되었습니다.
1호선,남영,[6]번째 전역 (동대문),동대문,운행중,0,병점,하행,0,200,INFO-000,정상 처리되었습니다.,1001000134,0,200,INFO-000,정상 처리되었습니다.
1호선,도화,[6]번째 전역 (부개),부개,운행중,0,인천,하행,0,200,INFO-000,정상 처리되었습니다.,1001000157,0,200,INFO-000,정상 처리되었습니다.
1호선,동대문,[6]번째 전역 (외대앞),외대앞,운행중,0,신창,하행,0,200,INFO-000,정상 처리되었습니다.,1001000128,1,200,INFO-000,정상 처리되었습니다.
1호선,탕정,[6]번째 전역 (직산),직산,운행중,0,신창,하행,0,200,INFO-000,정상 처리되었습니다.,1001080173,1,200,INFO-000,정상 처리되었습니다.
1호선,군포,[6]번째 전역 (금천구청),금천구청,운행중,0,천안,하행,0,200,INFO-000,정상 처리되었습니다.,1001080150,1,200,INFO-000,정상 처리되었습니다.
1호선,부개,[6]번째 전역 (온수),온수,운행중,0,인천,하행,0,200,INFO-000,정상 처리되었습니다.,1001000151,1,200,INFO-000,정상 처리되었습니다.
1호선,오산,[4]번째 전역 (세류),세류,운행중,0,병점,하행,0,200,INFO-000,정상 처리되었습니다.,1001080160,0,200,INFO-000,정상 처리되었습니다.
1호선,시청,8분 15초 후 (동대문),동대문,운행중,495,병점,하행,0,200,INFO-000,정상 처리되었습니다.,1001000132,0,200,INFO-000,정상 처리되었습니다.
1호선,회기,[4]번째 전역 (광운대),광운대,운행중,0,서동탄,하행,0,200,INFO-000,정상 처리되었습니다.,1001000123,0,200,INFO-000,정상 처리되었습니다.
1호선,평택,[4]번째 전역 (진위),진위,운행중,0,신창,하행,0,200,INFO-000,정상 처리되었습니다.,1001080165,1,200,INFO-000,정상 처리되었습니다.
1호선,역곡,[4]번째 전역 (구일),구일,운행중,0,인천,하행,0,200,INFO-000,정상 처리되었습니다.,1001000146,1,200,INFO-000,정상 처리되었습니다.
1호선,금정,[5]번째 전역 (금천구청),금천구청,운행중,0,광명,하행,0,200,INFO-000,정상 처리되었습니다.,1001080149,0,200,INFO-000,정상 처리되었습니다.
1호선,두정,[4]번째 전역 (지제),지제,운행중,0,천안,하행,0,200,INFO-000,정상 처리되었습니다.,1001080168,0,200,INFO-000,정상 처리되었습니다.
1호선,진위,[4]번째 전역 (병점),병점,운행중,0,천안,하행,0,200,INFO-000,정상 처리되었습니다.,1001080161,1,200,INFO-000,정상 처리되었습니다.
1호선,청량리,[5]번째 전역 (광운대),광운대,운행중,0,서동탄,하행,0,200,INFO-000,정상 처리되었습니다.,1001000124,1,200,INFO-000,정상 처리되었습니다.
1호선,수원,[5]번째 전역 (군포),군포,운행중,0,서동탄,하행,0,200,INFO-000,정상 처리되었습니다.,1001080155,0,200,INFO-000,정상 처리되었습니다.
1호선,종각,5분 5초 후 (동대문),동대문,운행중,305,병점,하행,0,200,INFO-000,정상 처리되었습니다.,1001000131,1,200,INFO-000,정상 처리되었습니다.
1호선,동묘앞,5분 24초 후 (청량리),청량리,운행중,324,동묘앞,하행,0,200,INFO-000,정상 처리되었습니다.,1001000127,0,200,INFO-000,정상 처리되었습니다.
1호선,안양,[3]번째 전역 (금천구청),금천구청,운행중,0,광명,하행,0,200,INFO-000,정상 처리되었습니다.,1001080147,1,200,INFO-000,정상 처리되었습니다.
1호선,백운,[2]번째 전역 (부개),부개,운행중,0,인천,하행,0,200,INFO-000,정상 처리되었습니다.,1001000153,1,200,INFO-000,정상 처리되었습니다.
1호선,서울,6분 40초 후 (종각),종각,운행중,400,인천,하행,0,200,INFO-000,정상 처리되었습니다.,1001000133,1,200,INFO-000,정상 처리되었습니다.
1호선,지제,[3]번째 전역 (진위),진위,운행중,0,신창,하행,0,200,INFO-000,정상 처리되었습니다.,1001080164,0,200,INFO-000,정상 처리되었습니다.
1호선,세류,[3]번째 전역 (성균관대),성균관대,운행중,0,신창,하행,0,200,INFO-000,정상 처리되었습니다.,1001080156,1,200,INFO-000,정상 처리되었습니다.
1호선,독산,[3]번째 전역 (신도림),신도림,운행중,0,신창,하행,0,200,INFO-000,정상 처리되었습니다.,1001080143,1,200,INFO-000,정상 처리되었습니다.
1호선,직산,[3]번째 전역 (지제),지제,운행중,0,천안,하행,0,200,INFO-000,정상 처리되었습니다.,1001080167,1,200,INFO-000,정상 처리되었습니다.
1호선,온수,[3]번째 전역 (구일),구일,운행중,0,인천,하행,0,200,INFO-000,정상 처리되었습니다.,1001000145,0,200,INFO-000,정상 처리되었습니다.
1호선,동대문,4분 41초 후 (제기동),제기동,운행중,281,인천,하행,0,200,INFO-000,정상 처리되었습니다.,1001000128,1,200,INFO-000,정상 처리되었습니다.
1호선,직산,[20]번째 전역 (안양),안양,운행중,0,천안 (급행),하행,0,200,INFO-000,정상 처리되었습니다.,1001080167,1,200,INFO-000,정상 처리되었습니다.
1호선,회기,[20]번째 전역 (동두천중앙),동두천중앙,운행중,0,인천 (급행),하행,0,200,INFO-000,정상 처리되었습니다.,1001000123,0,200,INFO-000,정상 처리되었습니다.
1호선,녹천,[20]번째 전역 (연천),연천,운행중,0,광운대,하행,0,200,INFO-000,정상 처리되었습니다.,1001000117,1,200,INFO-000,정상 처리되었습니다.
1호선,신설동,3분 36초 후 (청량리),청량리,운행중,216,동묘앞,하행,0,200,INFO-000,정상 처리되었습니다.,1001000126,1,200,INFO-000,정상 처리되었습니다.
1호선,관악,[2]번째 전역 (금천구청),금천구청,운행중,0,광명,하행,0,200,INFO-000,정상 처리되었습니다.,1001080146,0,200,INFO-000,정상 처리되었습니다.
1호선,청량리,4분 후 (외대앞),외대앞,운행중,240,신창,하행,0,200,INFO-000,정상 처리되었습니다.,1001000124,1,200,INFO-000,정상 처리되었습니다.
1호선,외대앞,[3]번째 전역 (광운대),광운대,운행중,0,서동탄,하행,0,200,INFO-000,정상 처리되었습니다.,1001000122,1,200,INFO-000,정상 처리되었습니다.
1호선,성균관대,[3]번째 전역 (군포),군포,운행중,0,서동탄,하행,0,200,INFO-000,정상 처리되었습니다.,1001080153,0,200,INFO-000,정상 처리되었습니다.
1호선,지제,[17]번째 전역 (안양),안양,운행중,0,천안 (급행),하행,0,200,INFO-000,정상 처리되었습니다.,1001080164,0,200,INFO-000,정상 처리되었습니다.
1호선,석계,[17]번째 전역 (동두천중앙),동두천중앙,운행중,0,인천 (급행),하행,0,200,INFO-000,정상 처리되었습니다.,1001000120,1,200,INFO-000,정상 처리되었습니다.
1호선,광운대,[16]번째 전역 (동두천중앙),동두천중앙,운행중,0,인천 (급행),하행,0,200,INFO-000,정상 처리되었습니다.,1001000119,1,200,INFO-000,정상 처리되었습니다.
1호선,온수,온수 진입,역곡,진입,0,소요산,상행,0,200,INFO-000,정상 처리되었습니다.,1001000145,0,200,INFO-000,정상 처리되었습니다.
1호선,두정,[21]번째 전역 (안양),안양,운행중,0,천안 (급행),하행,0,200,INFO-000,정상 처리되었습니다.,1001080168,0,200,INFO-000,정상 처리되었습니다.
1호선,성환,[19]번째 전역 (안양),안양,운행중,0,천안 (급행),하행,0,200,INFO-000,정상 처리되었습니다.,1001080166,0,200,INFO-000,정상 처리되었습니다.
1호선,외대앞,[19]번째 전역 (동두천중앙),동두천중앙,운행중,0,인천 (급행),하행,0,200,INFO-000,정상 처리되었습니다.,1001000122,1,200,INFO-000,정상 처리되었습니다.
1호선,창동,[19]번째 전역 (연천),연천,운행중,0,광운대,하행,0,200,INFO-000,정상 처리되었습니다.,1001000116,0,200,INFO-000,정상 처리되었습니다.
1호선,평택,[18]번째 전역 (안양),안양,운행중,0,천안 (급행),하행,0,200,INFO-000,정상 처리되었습니다.,1001080165,1,200,INFO-000,정상 처리되었습니다.
1호선,망월사,[15]번째 전역 (연천),연천,운행중,0,광운대,하행,0,200,INFO-000,정상 처리되었습니다.,1001000112,0,200,INFO-000,정상 처리되었습니다.
1호선,진위,[14]번째 전역 (안양),안양,운행중,0,천안 (급행),하행,0,200,INFO-000,정상 처리되었습니다.,1001080161,1,200,INFO-000,정상 처리되었습니다.
1호선,녹천,[14]번째 전역 (동두천중앙),동두천중앙,운행중,0,인천 (급행),하행,0,200,INFO-000,정상 처리되었습니다.,1001000117,1,200,INFO-000,정상 처리되었습니다.
1호선,동인천,[14]번째 전역 (역곡),역곡,운행중,0,동인천 (특급),하행,0,200,INFO-000,정상 처리되었습니다.,1001000160,1,200,INFO-000,정상 처리되었습니다.
1호선,오산,[13]번째 전역 (안양),안양,운행중,0,천안 (급행),하행,0,200,INFO-000,정상 처리되었습니다.,1001080160,0,200,INFO-000,정상 처리되었습니다.
1호선,창동,[13]번째 전역 (동두천중앙),동두천중앙,운행중,0,인천 (급행),하행,0,200,INFO-000,정상 처리되었습니다.,1001000116,0,200,INFO-000,정상 처리되었습니다.
1호선,부개,[13]번째 전역 (용산),용산,운행중,0,동인천,하행,0,200,INFO-000,정상 처리되었습니다.,1001000151,1,200,INFO-000,정상 처리되었습니다.
1호선,동묘앞,전역 출발,동대문,전역출발,45,의정부,상행,0,200,INFO-000,정상 처리되었습니다.,1001000127,0,200,INFO-000,정상 처리되었습니다.
1호선,남영,[10]번째 전역 (청량리),청량리,운행중,0,신창 (급행),하행,0,200,INFO-000,정상 처리되었습니다.,1001000134,0,200,INFO-000,정상 처리되었습니다.
1호선,석수,[10]번째 전역 (용산),용산,운행중,0,신창,하행,0,200,INFO-000,정상 처리되었습니다.,1001080145,1,200,INFO-000,정상 처리되었습니다.
1호선,주안,[10]번째 전역 (역곡),역곡,운행중,0,동인천 (특급),하행,0,200,INFO-000,정상 처리되었습니다.,1001000156,1,200,INFO-000,정상 처리되었습니다.
1호선,청량리,3분 42초 후 (신설동),신설동,운행중,222,광운대,상행,0,200,INFO-000,정상 처리되었습니다.,1001000124,1,200,INFO-000,정상 처리되었습니다.
1호선,청량리,[2]번째 전역 (신설동),신설동,운행중,0,광운대,상행,0,200,INFO-000,정상 처리되었습니다.,1001000124,1,200,INFO-000,정상 처리되었습니다.
1호선,인천,[15]번째 전역 (역곡),역곡,운행중,0,동인천 (특급),하행,0,200,INFO-000,정상 처리되었습니다.,1001000161,0,200,INFO-000,정상 처리되었습니다.
1호선,역곡,[8]번째 전역 (용산),용산,운행중,0,동인천,하행,0,200,INFO-000,정상 처리되었습니다.,1001000146,1,200,INFO-000,정상 처리되었습니다.
1호선,지제,[2]번째 전역 (성환),성환,운행중,0,구로 (급행),상행,0,200,INFO-000,정상 처리되었습니다.,1001080164,0,200,INFO-000,정상 처리되었습니다.
1호선,직산,[2]번째 전역 (천안),천안,운행중,0,광운대,상행,0,200,INFO-000,정상 처리되었습니다.,1001080167,1,200,INFO-000,정상 처리되었습니다.
1호선,안양,[2]번째 전역 (금정),금정,운행중,0,광운대,상행,0,200,INFO-000,정상 처리되었습니다.,1001080147,1,200,INFO-000,정상 처리되었습니다.
1호선,가능,[12]번째 전역 (연천),연천,운행중,0,광운대,하행,0,200,INFO-000,정상 처리되었습니다.,1001000109,0,200,INFO-000,정상 처리되었습니다.
1호선,관악,[11]번째 전역 (용산),용산,운행중,0,신창,하행,0,200,INFO-000,정상 처리되었습니다.,1001080146,0,200,INFO-000,정상 처리되었습니다.
1호선,도화,[11]번째 전역 (역곡),역곡,운행중,0,동인천 (특급),하행,0,200,INFO-000,정상 처리되었습니다.,1001000157,0,200,INFO-000,정상 처리되었습니다.
1호선,녹양,[11]번째 전역 (연천),연천,운행중,0,광운대,하행,0,200,INFO-000,정상 처리되었습니다.,1001000108,1,200,INFO-000,정상 처리되었습니다.
1호선,병점,[10]번째 전역 (안양),안양,운행중,0,천안 (급행),하행,0,200,INFO-000,정상 처리되었습니다.,1001080157,1,200,INFO-000,정상 처리되었습니다.
1호선,성균관대,[6]번째 전역 (안양),안양,운행중,0,천안 (급행),하행,0,200,INFO-000,정상 처리되었습니다.,1001080153,0,200,INFO-000,정상 처리되었습니다.
1호선,가능,[6]번째 전역 (동두천중앙),동두천중앙,운행중,0,인천 (급행),하행,0,200,INFO-000,정상 처리되었습니다.,1001000109,0,200,INFO-000,정상 처리되었습니다.
1호선,구로,[6]번째 전역 (용산),용산,운행중,0,신창 (급행),하행,0,200,INFO-000,정상 처리되었습니다.,1001000141,0,200,INFO-000,정상 처리되었습니다.
1호선,세류,[9]번째 전역 (안양),안양,운행중,0,천안 (급행),하행,0,200,INFO-000,정상 처리되었습니다.,1001080156,1,200,INFO-000,정상 처리되었습니다.
1호선,망월사,[9]번째 전역 (동두천중앙),동두천중앙,운행중,0,인천 (급행),하행,0,200,INFO-000,정상 처리되었습니다.,1001000112,0,200,INFO-000,정상 처리되었습니다.
1호선,서울,[9]번째 전역 (청량리),청량리,운행중,0,신창 (급행),하행,0,200,INFO-000,정상 처리되었습니다.,1001000133,1,200,INFO-000,정상 처리되었습니다.
1호선,금천구청,[9]번째 전역 (용산),용산,운행중,0,신창,하행,0,200,INFO-000,정상 처리되었습니다.,1001080144,0,200,INFO-000,정상 처리되었습니다.
1호선,수원,[8]번째 전역 (안양),안양,운행중,0,천안 (급행),하행,0,200,INFO-000,정상 처리되었습니다.,1001080155,0,200,INFO-000,정상 처리되었습니다.
1호선,시청,[8]번째 전역 (청량리),청량리,운행중,0,신창 (급행),하행,0,200,INFO-000,정상 처리되었습니다.,1001000132,0,200,INFO-000,정상 처리되었습니다.
1호선,송내,[5]번째 전역 (온수),온수,운행중,0,인천,하행,0,200,INFO-000,정상 처리되었습니다.,1001000150,0,200,INFO-000,정상 처리되었습니다.
1호선,신도림,[5]번째 전역 (용산),용산,운행중,0,신창 (급행),하행,0,200,INFO-000,정상 처리되었습니다.,1001000140,1,200,INFO-000,정상 처리되었습니다.
1호선,주안,[2]번째 전역 (제물포),제물포,운행중,0,동두천 (급행),상행,0,200,INFO-000,정상 처리되었습니다.,1001000156,1,200,INFO-000,정상 처리되었습니다.
1호선,동두천중앙,[2]번째 전역 (덕정),덕정,운행중,0,동두천 (급행),상행,0,200,INFO-000,정상 처리되었습니다.,1001000103,1,200,INFO-000,정상 처리되었습니다.
1호선,종각,[7]번째 전역 (청량리),청량리,운행중,0,신창 (급행),하행,0,200,INFO-000,정상 처리되었습니다.,1001000131,1,200,INFO-000,정상 처리되었습니다.
1호선,가산디지털단지,[7]번째 전역 (용산),용산,운행중,0,신창,하행,0,200,INFO-000,정상 처리되었습니다.,1001080142,0,200,INFO-000,정상 처리되었습니다.
1호선,백운,[7]번째 전역 (역곡),역곡,운행중,0,동인천 (특급),하행,0,200,INFO-000,정상 처리되었습니다.,1001000153,1,200,INFO-000,정상 처리되었습니다.
1호선,지행,[7]번째 전역 (연천),연천,운행중,0,광운대,하행,0,200,INFO-000,정상 처리되었습니다.,1001000104,0,200,INFO-000,정상 처리되었습니다.
1호선,녹천,[2]번째 전역 (광운대),광운대,운행중,0,소요산,상행,0,200,INFO-000,정상 처리되었습니다.,1001000117,1,200,INFO-000,정상 처리되었습니다.
1호선,동묘앞,[5]번째 전역 (외대앞),외대앞,운행중,0,신창,하행,0,200,INFO-000,정상 처리되었습니다.,1001000127,0,200,INFO-000,정상 처리되었습니다.
1호선,영등포,[5]번째 전역 (남영),남영,운행중,0,서동탄,하행,0,200,INFO-000,정상 처리되었습니다.,1001000139,0,200,INFO-000,정상 처리되었습니다.
1호선,서울,[5]번째 전역 (동대문),동대문,운행중,0,병점,하행,0,200,INFO-000,정상 처리되었습니다.,1001000133,1,200,INFO-000,정상 처리되었습니다.
1호선,부개,[5]번째 전역 (역곡),역곡,운행중,0,동인천 (특급),하행,0,200,INFO-000,정상 처리되었습니다.,1001000151,1,200,INFO-000,정상 처리되었습니다.
1호선,인천,[5]번째 전역 (주안),주안,운행중,0,동인천 (급행),하행,0,200,INFO-000,정상 처리되었습니다.,1001000161,0,200,INFO-000,정상 처리되었습니다.
1호선,동두천중앙,[6]번째 전역 (연천),연천,운행중,0,광운대,하행,0,200,INFO-000,정상 처리되었습니다.,1001000103,1,200,INFO-000,정상 처리되었습니다.
1호선,녹양,[5]번째 전역 (동두천중앙),동두천중앙,운행중,0,인천 (급행),하행,0,200,INFO-000,정상 처리되었습니다.,1001000108,1,200,INFO-000,정상 처리되었습니다.
1호선,도화,[4]번째 전역 (백운),백운,운행중,0,인천,하행,0,200,INFO-000,정상 처리되었습니다.,1001000157,0,200,INFO-000,정상 처리되었습니다.
1호선,동대문,[4]번째 전역 (청량리),청량리,운행중,0,신창 (급행),하행,0,200,INFO-000,정상 처리되었습니다.,1001000128,1,200,INFO-000,정상 처리되었습니다.
1호선,영등포,[4]번째 전역 (용산),용산,운행중,0,신창 (급행),하행,0,200,INFO-000,정상 처리되었습니다.,1001000139,0,200,INFO-000,정상 처리되었습니다.
1호선,신설동,[4]번째 전역 (외대앞),외대앞,운행중,0,신창,하행,0,200,INFO-000,정상 처리되었습니다.,1001000126,1,200,INFO-000,정상 처리되었습니다.
1호선,대방,[2]번째 전역 (영등포),영등포,운행중,0,연천,상행,0,200,INFO-000,정상 처리되었습니다.,1001000137,0,200,INFO-000,정상 처리되었습니다.
1호선,오산,[3]번째 전역 (병점),병점,운행중,0,천안,하행,0,200,INFO-000,정상 처리되었습니다.,1001080160,0,200,INFO-000,정상 처리되었습니다.
1호선,신길,[4]번째 전역 (남영),남영,운행중,0,서동탄,하행,0,200,INFO-000,정상 처리되었습니다.,1001000138,0,200,INFO-000,정상 처리되었습니다.
1호선,송내,[4]번째 전역 (역곡),역곡,운행중,0,동인천 (특급),하행,0,200,INFO-000,정상 처리되었습니다.,1001000150,0,200,INFO-000,정상 처리되었습니다.
1호선,동인천,[4]번째 전역 (주안),주안,운행중,0,동인천 (급행),하행,0,200,INFO-000,정상 처리되었습니다.,1001000160,1,200,INFO-000,정상 처리되었습니다.
1호선,부개,[2]번째 전역 (백운),백운,운행중,0,의정부,상행,0,200,INFO-000,정상 처리되었습니다.,1001000151,1,200,INFO-000,정상 처리되었습니다.
1호선,남영,[3]번째 전역 (대방),대방,운행중,0,동두천 (급행),상행,0,200,INFO-000,정상 처리되었습니다.,1001000134,0,200,INFO-000,정상 처리되었습니다.
1호선,대방,[3]번째 전역 (남영),남영,운행중,0,서동탄,하행,0,200,INFO-000,정상 처리되었습니다.,1001000137,0,200,INFO-000,정상 처리되었습니다.
1호선,종각,[3]번째 전역 (동대문),동대문,운행중,0,병점,하행,0,200,INFO-000,정상 처리되었습니다.,1001000131,1,200,INFO-000,정상 처리되었습니다.
1호선,주안,[3]번째 전역 (백운),백운,운행중,0,인천,하행,0,200,INFO-000,정상 처리되었습니다.,1001000156,1,200,INFO-000,정상 처리되었습니다.
1호선,신길,[3]번째 전역 (용산),용산,운행중,0,신창 (급행),하행,0,200,INFO-000,정상 처리되었습니다.,1001000138,0,200,INFO-000,정상 처리되었습니다.
1호선,동묘앞,[3]번째 전역 (청량리),청량리,운행중,0,신창 (급행),하행,0,200,INFO-000,정상 처리되었습니다.,1001000127,0,200,INFO-000,정상 처리되었습니다.
1호선,성환,[3]번째 전역 (천안),천안,운행중,0,광운대,상행,0,200,INFO-000,정상 처리되었습니다.,1001080166,0,200,INFO-000,정상 처리되었습니다.
1호선,성균관대,[2]번째 전역 (수원),수원,운행중,0,청량리 (급행),상행,0,200,INFO-000,정상 처리되었습니다.,1001080153,0,200,INFO-000,정상 처리되었습니다.
1호선,군포,[3]번째 전역 (안양),안양,운행중,0,천안 (급행),하행,0,200,INFO-000,정상 처리되었습니다.,1001080150,1,200,INFO-000,정상 처리되었습니다.
1호선,신설동,[2]번째 전역 (청량리),청량리,운행중,0,신창 (급행),하행,0,200,INFO-000,정상 처리되었습니다.,1001000126,1,200,INFO-000,정상 처리되었습니다.
1호선,병점,[3]번째 전역 (오산),오산,운행중,0,병점,상행,0,200,INFO-000,정상 처리되었습니다.,1001080157,1,200,INFO-000,정상 처리되었습니다.
1호선,동묘앞,3분 6초 후 (제기동),제기동,운행중,186,인천,하행,0,200,INFO-000,정상 처리되었습니다.,1001000127,0,200,INFO-000,정상 처리되었습니다.
1호선,소요산,[3]번째 전역 (연천),연천,운행중,0,광운대,하행,0,200,INFO-000,정상 처리되었습니다.,1001000100,1,200,INFO-000,정상 처리되었습니다.
1호선,금정,[2]번째 전역 (안양),안양,운행중,0,천안 (급행),하행,0,200,INFO-000,정상 처리되었습니다.,1001080149,0,200,INFO-000,정상 처리되었습니다.
1호선,성환,[2]번째 전역 (지제),지제,운행중,0,천안,하행,0,200,INFO-000,정상 처리되었습니다.,1001080166,0,200,INFO-000,정상 처리되었습니다.
1호선,신길,[2]번째 전역 (노량진),노량진,운행중,0,동인천,하행,0,200,INFO-000,정상 처리되었습니다.,1001000138,0,200,INFO-000,정상 처리되었습니다.
1호선,청량리,[2]번째 전역 (외대앞),외대앞,운행중,0,신창,하행,0,200,INFO-000,정상 처리되었습니다.,1001000124,1,200,INFO-000,정상 처리되었습니다.
1호선,가산디지털단지,[2]번째 전역 (신도림),신도림,운행중,0,신창,하행,0,200,INFO-000,정상 처리되었습니다.,1001080142,0,200,INFO-000,정상 처리되었습니다.
1호선,수원,[2]번째 전역 (성균관대),성균관대,운행중,0,신창,하행,0,200,INFO-000,정상 처리되었습니다.,1001080155,0,200,INFO-000,정상 처리되었습니다.
1호선,천안,[2]번째 전역 (직산),직산,운행중,0,신창,하행,0,200,INFO-000,정상 처리되었습니다.,1001080169,1,200,INFO-000,정상 처리되었습니다.
1호선,대방,[2]번째 전역 (용산),용산,운행중,0,신창 (급행),하행,0,200,INFO-000,정상 처리되었습니다.,1001000137,0,200,INFO-000,정상 처리되었습니다.
1호선,도화,[3]번째 전역 (동인천),동인천,운행중,0,용산 (특급),상행,0,200,INFO-000,정상 처리되었습니다.,1001000157,0,200,INFO-000,정상 처리되었습니다.
1호선,백운,[3]번째 전역 (주안),주안,운행중,0,용산 (특급),상행,0,200,INFO-000,정상 처리되었습니다.,1001000153,1,200,INFO-000,정상 처리되었습니다.
1호선,석계,[3]번째 전역 (회기),회기,운행중,0,양주,상행,0,200,INFO-000,정상 처리되었습니다.,1001000120,1,200,INFO-000,정상 처리되었습니다.
1호선,평택,[4]번째 전역 (천안),천안,운행중,0,광운대,상행,0,200,INFO-000,정상 처리되었습니다.,1001080165,1,200,INFO-000,정상 처리되었습니다.
1호선,군포,[4]번째 전역 (화서),화서,운행중,0,광운대,상행,0,200,INFO-000,정상 처리되었습니다.,1001080150,1,200,INFO-000,정상 처리되었습니다.
1호선,탕정,[3]번째 전역 (신창),신창,운행중,0,청량리,상행,0,200,INFO-000,정상 처리되었습니다.,1001080173,1,200,INFO-000,정상 처리되었습니다.
1호선,동대문,5분 6초 후 (종각),종각,운행중,306,청량리,상행,0,200,INFO-000,정상 처리되었습니다.,1001000128,1,200,INFO-000,정상 처리되었습니다.
1호선,천안,천안 진입,천안,진입,0,천안 (급행),하행,0,200,INFO-000,정상 처리되었습니다.,1001080169,1,200,INFO-000,정상 처리되었습니다.
1호선,세류,[4]번째 전역 (오산),오산,운행중,0,병점,상행,0,200,INFO-000,정상 처리되었습니다.,1001080156,1,200,INFO-000,정상 처리되었습니다.
1호선,서울,[4]번째 전역 (대방),대방,운행중,0,동두천 (급행),상행,0,200,INFO-000,정상 처리되었습니다.,1001000133,1,200,INFO-000,정상 처리되었습니다.
1호선,병점,병점 진입,병점,진입,0,천안,하행,0,200,INFO-000,정상 처리되었습니다.,1001080157,1,200,INFO-000,정상 처리되었습니다.
1호선,동두천중앙,동두천중앙 진입,동두천중앙,진입,0,인천 (급행),하행,0,200,INFO-000,정상 처리되었습니다.,1001000103,1,200,INFO-000,정상 처리되었습니다.
1호선,부개,부개 도착,부개,도착,0,인천,하행,0,200,INFO-000,정상 처리되었습니다.,1001000151,1,200,INFO-000,정상 처리되었습니다.
1호선,온수,온수 도착,온수,도착,0,인천,하행,0,200,INFO-000,정상 처리되었습니다.,1001000145,0,200,INFO-000,정상 처리되었습니다.
1호선,구일,구일 진입,구일,진입,0,인천,하행,0,200,INFO-000,정상 처리되었습니다.,1001000142,0,200,INFO-000,정상 처리되었습니다.
1호선,종각,종각 진입,종각,진입,10,인천,하행,0,200,INFO-000,정상 처리되었습니다.,1001000131,1,200,INFO-000,정상 처리되었습니다.
1호선,진위,[5]번째 전역 (성환),성환,운행중,0,구로 (급행),상행,0,200,INFO-000,정상 처리되었습니다.,1001080161,1,200,INFO-000,정상 처리되었습니다.
1호선,도화,[4]번째 전역 (인천),인천,운행중,0,양주,상행,0,200,INFO-000,정상 처리되었습니다.,1001000157,0,200,INFO-000,정상 처리되었습니다.
1호선,송내,[6]번째 전역 (주안),주안,운행중,0,용산 (특급),상행,0,200,INFO-000,정상 처리되었습니다.,1001000150,0,200,INFO-000,정상 처리되었습니다.
1호선,종각,[6]번째 전역 (대방),대방,운행중,0,동두천 (급행),상행,0,200,INFO-000,정상 처리되었습니다.,1001000131,1,200,INFO-000,정상 처리되었습니다.
1호선,오산,[6]번째 전역 (성환),성환,운행중,0,구로 (급행),상행,0,200,INFO-000,정상 처리되었습니다.,1001080160,0,200,INFO-000,정상 처리되었습니다.
1호선,군포,[5]번째 전역 (수원),수원,운행중,0,청량리 (급행),상행,0,200,INFO-000,정상 처리되었습니다.,1001080150,1,200,INFO-000,정상 처리되었습니다.
1호선,주안,[5]번째 전역 (인천),인천,운행중,0,양주,상행,0,200,INFO-000,정상 처리되었습니다.,1001000156,1,200,INFO-000,정상 처리되었습니다.
1호선,수원,[5]번째 전역 (오산),오산,운행중,0,병점,상행,0,200,INFO-000,정상 처리되었습니다.,1001080155,0,200,INFO-000,정상 처리되었습니다.
1호선,백운,[5]번째 전역 (제물포),제물포,운행중,0,동두천 (급행),상행,0,200,INFO-000,정상 처리되었습니다.,1001000153,1,200,INFO-000,정상 처리되었습니다.
1호선,시청,[5]번째 전역 (대방),대방,운행중,0,동두천 (급행),상행,0,200,INFO-000,정상 처리되었습니다.,1001000132,0,200,INFO-000,정상 처리되었습니다.
1호선,안양,안양 도착,안양,도착,0,천안 (급행),하행,0,200,INFO-000,정상 처리되었습니다.,1001080147,1,200,INFO-000,정상 처리되었습니다.
1호선,신도림,신도림 진입,신도림,진입,0,신창,하행,0,200,INFO-000,정상 처리되었습니다.,1001000140,1,200,INFO-000,정상 처리되었습니다.
1호선,직산,직산 도착,직산,도착,0,신창,하행,0,200,INFO-000,정상 처리되었습니다.,1001080167,1,200,INFO-000,정상 처리되었습니다.
1호선,진위,진위 도착,진위,도착,0,신창,하행,0,200,INFO-000,정상 처리되었습니다.,1001080161,1,200,INFO-000,정상 처리되었습니다.
1호선,성균관대,성균관대 도착,성균관대,도착,0,신창,하행,0,200,INFO-000,정상 처리되었습니다.,1001080153,0,200,INFO-000,정상 처리되었습니다.
1호선,청량리,청량리 도착,청량리,도착,0,신창,하행,0,200,INFO-000,정상 처리되었습니다.,1001000124,1,200,INFO-000,정상 처리되었습니다.
1호선,송내,[8]번째 전역 (제물포),제물포,운행중,0,동두천 (급행),상행,0,200,INFO-000,정상 처리되었습니다.,1001000150,0,200,INFO-000,정상 처리되었습니다.
1호선,부개,[7]번째 전역 (제물포),제물포,운행중,0,동두천 (급행),상행,0,200,INFO-000,정상 처리되었습니다.,1001000151,1,200,INFO-000,정상 처리되었습니다.
1호선,금정,[6]번째 전역 (수원),수원,운행중,0,청량리 (급행),상행,0,200,INFO-000,정상 처리되었습니다.,1001080149,0,200,INFO-000,정상 처리되었습니다.
1호선,동묘앞,[10]번째 전역 (대방),대방,운행중,0,동두천 (급행),상행,0,200,INFO-000,정상 처리되었습니다.,1001000127,0,200,INFO-000,정상 처리되었습니다.
1호선,세류,[10]번째 전역 (성환),성환,운행중,0,구로 (급행),상행,0,200,INFO-000,정상 처리되었습니다.,1001080156,1,200,INFO-000,정상 처리되었습니다.
1호선,관악,[9]번째 전역 (수원),수원,운행중,0,청량리 (급행),상행,0,200,INFO-000,정상 처리되었습니다.,1001080146,0,200,INFO-000,정상 처리되었습니다.
1호선,동두천중앙,[9]번째 전역 (망월사),망월사,운행중,0,연천,상행,0,200,INFO-000,정상 처리되었습니다.,1001000103,1,200,INFO-000,정상 처리되었습니다.
1호선,동대문,[9]번째 전역 (대방),대방,운행중,0,동두천 (급행),상행,0,200,INFO-000,정상 처리되었습니다.,1001000128,1,200,INFO-000,정상 처리되었습니다.
1호선,병점,[9]번째 전역 (성환),성환,운행중,0,구로 (급행),상행,0,200,INFO-000,정상 처리되었습니다.,1001080157,1,200,INFO-000,정상 처리되었습니다.
1호선,안양,[8]번째 전역 (수원),수원,운행중,0,청량리 (급행),상행,0,200,INFO-000,정상 처리되었습니다.,1001080147,1,200,INFO-000,정상 처리되었습니다.
1호선,지행,[8]번째 전역 (망월사),망월사,운행중,0,연천,상행,0,200,INFO-000,정상 처리되었습니다.,1001000104,0,200,INFO-000,정상 처리되었습니다.
1호선,탕정,탕정 도착,탕정,도착,0,신창,하행,0,200,INFO-000,정상 처리되었습니다.,1001080173,1,200,INFO-000,정상 처리되었습니다.
1호선,외대앞,외대앞 도착,외대앞,도착,0,신창,하행,0,200,INFO-000,정상 처리되었습니다.,1001000122,1,200,INFO-000,정상 처리되었습니다.
1호선,신도림,[13]번째 전역 (주안),주안,운행중,0,용산,상행,0,200,INFO-000,정상 처리되었습니다.,1001000140,1,200,INFO-000,정상 처리되었습니다.
1호선,청량리,[13]번째 전역 (대방),대방,운행중,0,동두천 (급행),상행,0,200,INFO-000,정상 처리되었습니다.,1001000124,1,200,INFO-000,정상 처리되었습니다.
1호선,독산,[12]번째 전역 (수원),수원,운행중,0,청량리 (급행),상행,0,200,INFO-000,정상 처리되었습니다.,1001080143,1,200,INFO-000,정상 처리되었습니다.
1호선,구로,[12]번째 전역 (주안),주안,운행중,0,용산,상행,0,200,INFO-000,정상 처리되었습니다.,1001000141,0,200,INFO-000,정상 처리되었습니다.
1호선,금천구청,[11]번째 전역 (수원),수원,운행중,0,청량리 (급행),상행,0,200,INFO-000,정상 처리되었습니다.,1001080144,0,200,INFO-000,정상 처리되었습니다.
1호선,온수,[11]번째 전역 (주안),주안,운행중,0,용산 (특급),상행,0,200,INFO-000,정상 처리되었습니다.,1001000145,0,200,INFO-000,정상 처리되었습니다.
1호선,신설동,[11]번째 전역 (대방),대방,운행중,0,동두천 (급행),상행,0,200,INFO-000,정상 처리되었습니다.,1001000126,1,200,INFO-000,정상 처리되었습니다.
1호선,석수,[10]번째 전역 (수원),수원,운행중,0,청량리 (급행),상행,0,200,INFO-000,정상 처리되었습니다.,1001080145,1,200,INFO-000,정상 처리되었습니다.
1호선,역곡,[10]번째 전역 (주안),주안,운행중,0,용산 (특급),상행,0,200,INFO-000,정상 처리되었습니다.,1001000146,1,200,INFO-000,정상 처리되었습니다.
1호선,대방,[16]번째 전역 (주안),주안,운행중,0,용산,상행,0,200,INFO-000,정상 처리되었습니다.,1001000137,0,200,INFO-000,정상 처리되었습니다.
1호선,광운대,[16]번째 전역 (용산),용산,운행중,0,용산,상행,0,200,INFO-000,정상 처리되었습니다.,1001000119,1,200,INFO-000,정상 처리되었습니다.
1호선,신도림,[15]번째 전역 (수원),수원,운행중,0,청량리,상행,0,200,INFO-000,정상 처리되었습니다.,1001000140,1,200,INFO-000,정상 처리되었습니다.
1호선,신길,[15]번째 전역 (주안),주안,운행중,0,용산,상행,0,200,INFO-000,정상 처리되었습니다.,1001000138,0,200,INFO-000,정상 처리되었습니다.
1호선,구로,[14]번째 전역 (수원),수원,운행중,0,청량리,상행,0,200,INFO-000,정상 처리되었습니다.,1001000141,0,200,INFO-000,정상 처리되었습니다.
1호선,구일,[14]번째 전역 (주안),주안,운행중,0,용산 (특급),상행,0,200,INFO-000,정상 처리되었습니다.,1001000142,0,200,INFO-000,정상 처리되었습니다.
1호선,가산디지털단지,[13]번째 전역 (수원),수원,운행중,0,청량리 (급행),상행,0,200,INFO-000,정상 처리되었습니다.,1001080142,0,200,INFO-000,정상 처리되었습니다.
1호선,외대앞,[31]번째 전역 (주안),주안,운행중,0,용산,상행,0,200,INFO-000,정상 처리되었습니다.,1001000122,1,200,INFO-000,정상 처리되었습니다.
1호선,회기,[30]번째 전역 (주안),주안,운행중,0,용산,상행,0,200,INFO-000,정상 처리되었습니다.,1001000123,0,200,INFO-000,정상 처리되었습니다.
1호선,녹양,[27]번째 전역 (용산),용산,운행중,0,용산,상행,0,200,INFO-000,정상 처리되었습니다.,1001000108,1,200,INFO-000,정상 처리되었습니다.
1호선,창동,[19]번째 전역 (용산),용산,운행중,0,용산,상행,0,200,INFO-000,정상 처리되었습니다.,1001000116,0,200,INFO-000,정상 처리되었습니다.
1호선,용산,[18]번째 전역 (주안),주안,운행중,0,용산,상행,0,200,INFO-000,정상 처리되었습니다.,1001000135,1,200,INFO-000,정상 처리되었습니다.
1호선,녹양,[45]번째 전역 (주안),주안,운행중,0,용산,상행,0,200,INFO-000,정상 처리되었습니다.,1001000108,1,200,INFO-000,정상 처리되었습니다.
1호선,가능,[44]번째 전역 (주안),주안,운행중,0,용산,상행,0,200,INFO-000,정상 처리되었습니다.,1001000109,0,200,INFO-000,정상 처리되었습니다.
1호선,망월사,[41]번째 전역 (주안),주안,운행중,0,용산,상행,0,200,INFO-000,정상 처리되었습니다.,1001000112,0,200,INFO-000,정상 처리되었습니다.
1호선,창동,[37]번째 전역 (주안),주안,운행중,0,용산,상행,0,200,INFO-000,정상 처리되었습니다.,1001000116,0,200,INFO-000,정상 처리되었습니다.
1호선,녹천,[36]번째 전역 (주안),주안,운행중,0,용산,상행,0,200,INFO-000,정상 처리되었습니다.,1001000117,1,200,INFO-000,정상 처리되었습니다.
1호선,소요산,[35]번째 전역 (용산),용산,운행중,0,용산,상행,0,200,INFO-000,정상 처리되었습니다.,1001000100,1,200,INFO-000,정상 처리되었습니다.
1호선,광운대,[34]번째 전역 (주안),주안,운행중,0,용산,상행,0,200,INFO-000,정상 처리되었습니다.,1001000119,1,200,INFO-000,정상 처리되었습니다.
1호선,석계,[33]번째 전역 (주안),주안,운행중,0,용산,상행,0,200,INFO-000,정상 처리되었습니다.,1001000120,1,200,INFO-000,정상 처리되었습니다.
1호선,독산,독산 진입,독산,진입,0,서동탄,하행,0,200,INFO-000,정상 처리되었습니다.,1001080143,1,200,INFO-000,정상 처리되었습니다.
1호선,광운대,광운대 도착,광운대,도착,0,서동탄,하행,0,200,INFO-000,정상 처리되었습니다.,1001000119,1,200,INFO-000,정상 처리되었습니다.
1호선,군포,군포 도착,군포,도착,0,서동탄,하행,0,200,INFO-000,정상 처리되었습니다.,1001080150,1,200,INFO-000,정상 처리되었습니다.
1호선,신길,신길 진입,영등포,진입,0,광운대,상행,0,200,INFO-000,정상 처리되었습니다.,1001000138,0,200,INFO-000,정상 처리되었습니다.
1호선,소요산,[53]번째 전역 (주안),주안,운행중,0,용산,상행,0,200,INFO-000,정상 처리되었습니다.,1001000100,1,200,INFO-000,정상 처리되었습니다.
1호선,동두천중앙,[50]번째 전역 (주안),주안,운행중,0,용산,상행,0,200,INFO-000,정상 처리되었습니다.,1001000103,1,200,INFO-000,정상 처리되었습니다.
1호선,지행,[49]번째 전역 (주안),주안,운행중,0,용산,상행,0,200,INFO-000,정상 처리되었습니다.,1001000104,0,200,INFO-000,정상 처리되었습니다.
1호선,주안,주안 도착,주안,도착,0,동인천 (급행),하행,0,200,INFO-000,정상 처리되었습니다.,1001000156,1,200,INFO-000,정상 처리되었습니다.
1호선,영등포,영등포 도착,영등포,도착,0,동인천,하행,0,200,INFO-000,정상 처리되었습니다.,1001000139,0,200,INFO-000,정상 처리되었습니다.
1호선,신도림,신도림 도착,신도림,도착,0,동인천,하행,0,200,INFO-000,정상 처리되었습니다.,1001000140,1,200,INFO-000,정상 처리되었습니다.
1호선,소요산,[39]번째 전역 (영등포),영등포,운행중,0,용산,상행,0,200,INFO-000,정상 처리되었습니다.,1001000100,1,200,INFO-000,정상 처리되었습니다.
1호선,세류,세류 진입,세류,진입,0,병점,하행,0,200,INFO-000,정상 처리되었습니다.,1001080156,1,200,INFO-000,정상 처리되었습니다.
1호선,금천구청,[2]번째 전역 (관악),관악,운행중,0,광운대,상행,0,200,INFO-000,정상 처리되었습니다.,1001080144,0,200,INFO-000,정상 처리되었습니다.
1호선,시청,[2]번째 전역 (남영),남영,운행중,0,광운대,상행,0,200,INFO-000,정상 처리되었습니다.,1001000132,0,200,INFO-000,정상 처리되었습니다.
1호선,청량리,[31]번째 전역 (수원),수원,운행중,0,청량리,상행,0,200,INFO-000,정상 처리되었습니다.,1001000124,1,200,INFO-000,정상 처리되었습니다.
1호선,신설동,[29]번째 전역 (수원),수원,운행중,0,청량리,상행,0,200,INFO-000,정상 처리되었습니다.,1001000126,1,200,INFO-000,정상 처리되었습니다.
1호선,녹양,[29]번째 전역 (대방),대방,운행중,0,동두천,상행,0,200,INFO-000,정상 처리되었습니다.,1001000108,1,200,INFO-000,정상 처리되었습니다.
1호선,동묘앞,[28]번째 전역 (수원),수원,운행중,0,청량리,상행,0,200,INFO-000,정상 처리되었습니다.,1001000127,0,200,INFO-000,정상 처리되었습니다.
1호선,가능,[28]번째 전역 (대방),대방,운행중,0,동두천,상행,0,200,INFO-000,정상 처리되었습니다.,1001000109,0,200,INFO-000,정상 처리되었습니다.
1호선,동대문,[27]번째 전역 (수원),수원,운행중,0,청량리,상행,0,200,INFO-000,정상 처리되었습니다.,1001000128,1,200,INFO-000,정상 처리되었습니다.
1호선,시청,5분 15초 후 (남영),남영,운행중,315,동묘앞,상행,0,200,INFO-000,정상 처리되었습니다.,1001000132,0,200,INFO-000,정상 처리되었습니다.
1호선,용산,[2]번째 전역 (대방),대방,운행중,0,동두천 (급행),상행,0,200,INFO-000,정상 처리되었습니다.,1001000135,1,200,INFO-000,정상 처리되었습니다.
1호선,서울,[22]번째 전역 (수원),수원,운행중,0,청량리,상행,0,200,INFO-000,정상 처리되었습니다.,1001000133,1,200,INFO-000,정상 처리되었습니다.
1호선,금천구청,[22]번째 전역 (성환),성환,운행중,0,구로 (급행),상행,0,200,INFO-000,정상 처리되었습니다.,1001080144,0,200,INFO-000,정상 처리되었습니다.
1호선,남영,[21]번째 전역 (수원),수원,운행중,0,청량리,상행,0,200,INFO-000,정상 처리되었습니다.,1001000134,0,200,INFO-000,정상 처리되었습니다.
1호선,창동,[21]번째 전역 (대방),대방,운행중,0,동두천,상행,0,200,INFO-000,정상 처리되었습니다.,1001000116,0,200,INFO-000,정상 처리되었습니다.
1호선,석수,[21]번째 전역 (성환),성환,운행중,0,구로 (급행),상행,0,200,INFO-000,정상 처리되었습니다.,1001080145,1,200,INFO-000,정상 처리되었습니다.
1호선,관악,[3]번째 전역 (금정),금정,운행중,0,광운대,상행,0,200,INFO-000,정상 처리되었습니다.,1001080146,0,200,INFO-000,정상 처리되었습니다.
1호선,회기,[3]번째 전역 (신설동),신설동,운행중,0,광운대,상행,0,200,INFO-000,정상 처리되었습니다.,1001000123,0,200,INFO-000,정상 처리되었습니다.
1호선,신설동,2분 23초 후 (동대문),동대문,운행중,143,의정부,상행,0,200,INFO-000,정상 처리되었습니다.,1001000126,1,200,INFO-000,정상 처리되었습니다.
1호선,구로,[2]번째 전역 (독산),독산,운행중,0,영등포,상행,0,200,INFO-000,정상 처리되었습니다.,1001000141,0,200,INFO-000,정상 처리되었습니다.
1호선,석계,[17]번째 전역 (대방),대방,운행중,0,동두천,상행,0,200,INFO-000,정상 처리되었습니다.,1001000120,1,200,INFO-000,정상 처리되었습니다.
1호선,금정,[17]번째 전역 (성환),성환,운행중,0,구로 (급행),상행,0,200,INFO-000,정상 처리되었습니다.,1001080149,0,200,INFO-000,정상 처리되었습니다.
1호선,영등포,[16]번째 전역 (수원),수원,운행중,0,청량리,상행,0,200,INFO-000,정상 처리되었습니다.,1001000139,0,200,INFO-000,정상 처리되었습니다.
1호선,동두천중앙,[16]번째 전역 (광운대),광운대,운행중,0,소요산,상행,0,200,INFO-000,정상 처리되었습니다.,1001000103,1,200,INFO-000,정상 처리되었습니다.
1호선,구일,[16]번째 전역 (제물포),제물포,운행중,0,동두천 (급행),상행,0,200,INFO-000,정상 처리되었습니다.,1001000142,0,200,INFO-000,정상 처리되었습니다.
1호선,망월사,[25]번째 전역 (대방),대방,운행중,0,동두천,상행,0,200,INFO-000,정상 처리되었습니다.,1001000112,0,200,INFO-000,정상 처리되었습니다.
1호선,구로,[25]번째 전역 (성환),성환,운행중,0,구로,상행,0,200,INFO-000,정상 처리되었습니다.,1001000141,0,200,INFO-000,정상 처리되었습니다.
1호선,종각,[24]번째 전역 (수원),수원,운행중,0,청량리,상행,0,200,INFO-000,정상 처리되었습니다.,1001000131,1,200,INFO-000,정상 처리되었습니다.
1호선,가산디지털단지,[24]번째 전역 (성환),성환,운행중,0,구로 (급행),상행,0,200,INFO-000,정상 처리되었습니다.,1001080142,0,200,INFO-000,정상 처리되었습니다.
1호선,시청,[23]번째 전역 (수원),수원,운행중,0,청량리,상행,0,200,INFO-000,정상 처리되었습니다.,1001000132,0,200,INFO-000,정상 처리되었습니다.
1호선,독산,[23]번째 전역 (성환),성환,운행중,0,구로 (급행),상행,0,200,INFO-000,정상 처리되었습니다.,1001080143,1,200,INFO-000,정상 처리되었습니다.
1호선,회기,[14]번째 전역 (대방),대방,운행중,0,동두천,상행,0,200,INFO-000,정상 처리되었습니다.,1001000123,0,200,INFO-000,정상 처리되었습니다.
1호선,온수,[13]번째 전역 (제물포),제물포,운행중,0,동두천 (급행),상행,0,200,INFO-000,정상 처리되었습니다.,1001000145,0,200,INFO-000,정상 처리되었습니다.
1호선,성균관대,[13]번째 전역 (성환),성환,운행중,0,구로 (급행),상행,0,200,INFO-000,정상 처리되었습니다.,1001080153,0,200,INFO-000,정상 처리되었습니다.
1호선,소요산,[12]번째 전역 (망월사),망월사,운행중,0,연천,상행,0,200,INFO-000,정상 처리되었습니다.,1001000100,1,200,INFO-000,정상 처리되었습니다.
1호선,녹천,[20]번째 전역 (대방),대방,운행중,0,동두천,상행,0,200,INFO-000,정상 처리되었습니다.,1001000117,1,200,INFO-000,정상 처리되었습니다.
1호선,관악,[20]번째 전역 (성환),성환,운행중,0,구로 (급행),상행,0,200,INFO-000,정상 처리되었습니다.,1001080146,0,200,INFO-000,정상 처리되었습니다.
1호선,안양,[19]번째 전역 (성환),성환,운행중,0,구로 (급행),상행,0,200,INFO-000,정상 처리되었습니다.,1001080147,1,200,INFO-000,정상 처리되었습니다.
1호선,광운대,[18]번째 전역 (대방),대방,운행중,0,동두천,상행,0,200,INFO-000,정상 처리되었습니다.,1001000119,1,200,INFO-000,정상 처리되었습니다.
1호선,신길,[17]번째 전역 (수원),수원,운행중,0,청량리,상행,0,200,INFO-000,정상 처리되었습니다.,1001000138,0,200,INFO-000,정상 처리되었습니다.
1호선,동대문,[3]번째 전역 (종각),종각,운행중,0,청량리,상행,0,200,INFO-000,정상 처리되었습니다.,1001000128,1,200,INFO-000,정상 처리되었습니다.
1호선,신도림,[3]번째 전역 (독산),독산,운행중,0,영등포,상행,0,200,INFO-000,정상 처리되었습니다.,1001000140,1,200,INFO-000,정상 처리되었습니다.
1호선,가능,[3]번째 전역 (망월사),망월사,운행중,0,연천,상행,0,200,INFO-000,정상 처리되었습니다.,1001000109,0,200,INFO-000,정상 처리되었습니다.
1호선,군포,[16]번째 전역 (성환),성환,운행중,0,구로 (급행),상행,0,200,INFO-000,정상 처리되었습니다.,1001080150,1,200,INFO-000,정상 처리되었습니다.
1호선,지행,[15]번째 전역 (광운대),광운대,운행중,0,소요산,상행,0,200,INFO-000,정상 처리되었습니다.,1001000104,0,200,INFO-000,정상 처리되었습니다.
1호선,외대앞,[15]번째 전역 (대방),대방,운행중,0,동두천,상행,0,200,INFO-000,정상 처리되었습니다.,1001000122,1,200,INFO-000,정상 처리되었습니다.
1호선,두정,[8]번째 전역 (신창),신창,운행중,0,청량리,상행,0,200,INFO-000,정상 처리되었습니다.,1001080168,0,200,INFO-000,정상 처리되었습니다.
1호선,세류,[8]번째 전역 (지제),지제,운행중,0,청량리,상행,0,200,INFO-000,정상 처리되었습니다.,1001080156,1,200,INFO-000,정상 처리되었습니다.
1호선,백운,[8]번째 전역 (인천),인천,운행중,0,양주,상행,0,200,INFO-000,정상 처리되었습니다.,1001000153,1,200,INFO-000,정상 처리되었습니다.
1호선,역곡,[12]번째 전역 (제물포),제물포,운행중,0,동두천 (급행),상행,0,200,INFO-000,정상 처리되었습니다.,1001000146,1,200,INFO-000,정상 처리되었습니다.
1호선,평택,[11]번째 전역 (신창),신창,운행중,0,청량리,상행,0,200,INFO-000,정상 처리되었습니다.,1001080165,1,200,INFO-000,정상 처리되었습니다.
1호선,수원,[11]번째 전역 (성환),성환,운행중,0,구로 (급행),상행,0,200,INFO-000,정상 처리되었습니다.,1001080155,0,200,INFO-000,정상 처리되었습니다.
1호선,성환,[10]번째 전역 (신창),신창,운행중,0,청량리,상행,0,200,INFO-000,정상 처리되었습니다.,1001080166,0,200,INFO-000,정상 처리되었습니다.
1호선,부개,[10]번째 전역 (인천),인천,운행중,0,양주,상행,0,200,INFO-000,정상 처리되었습니다.,1001000151,1,200,INFO-000,정상 처리되었습니다.
1호선,군포,[10]번째 전역 (오산),오산,운행중,0,병점,상행,0,200,INFO-000,정상 처리되었습니다.,1001080150,1,200,INFO-000,정상 처리되었습니다.
1호선,직산,[9]번째 전역 (신창),신창,운행중,0,청량리,상행,0,200,INFO-000,정상 처리되었습니다.,1001080167,1,200,INFO-000,정상 처리되었습니다.
1호선,수원,[9]번째 전역 (지제),지제,운행중,0,청량리,상행,0,200,INFO-000,정상 처리되었습니다.,1001080155,0,200,INFO-000,정상 처리되었습니다.
1호선,외대앞,[4]번째 전역 (신설동),신설동,운행중,0,광운대,상행,0,200,INFO-000,정상 처리되었습니다.,1001000122,1,200,INFO-000,정상 처리되었습니다.
1호선,석수,[4]번째 전역 (금정),금정,운행중,0,광운대,상행,0,200,INFO-000,정상 처리되었습니다.,1001080145,1,200,INFO-000,정상 처리되었습니다.
1호선,서울,[3]번째 전역 (노량진),노량진,운행중,0,청량리,상행,0,200,INFO-000,정상 처리되었습니다.,1001000133,1,200,INFO-000,정상 처리되었습니다.
1호선,녹천,[6]번째 전역 (회기),회기,운행중,0,양주,상행,0,200,INFO-000,정상 처리되었습니다.,1001000117,1,200,INFO-000,정상 처리되었습니다.
1호선,안양,[7]번째 전역 (화서),화서,운행중,0,광운대,상행,0,200,INFO-000,정상 처리되었습니다.,1001080147,1,200,INFO-000,정상 처리되었습니다.
1호선,성균관대,[7]번째 전역 (오산),오산,운행중,0,병점,상행,0,200,INFO-000,정상 처리되었습니다.,1001080153,0,200,INFO-000,정상 처리되었습니다.
1호선,진위,[8]번째 전역 (천안),천안,운행중,0,광운대,상행,0,200,INFO-000,정상 처리되었습니다.,1001080161,1,200,INFO-000,정상 처리되었습니다.
1호선,천안,[7]번째 전역 (신창),신창,운행중,0,청량리,상행,0,200,INFO-000,정상 처리되었습니다.,1001080169,1,200,INFO-000,정상 처리되었습니다.
1호선,병점,[7]번째 전역 (지제),지제,운행중,0,청량리,상행,0,200,INFO-000,정상 처리되었습니다.,1001080157,1,200,INFO-000,정상 처리되었습니다.
1호선,금정,[5]번째 전역 (화서),화서,운행중,0,광운대,상행,0,200,INFO-000,정상 처리되었습니다.,1001080149,0,200,INFO-000,정상 처리되었습니다.
1호선,지제,[5]번째 전역 (천안),천안,운행중,0,광운대,상행,0,200,INFO-000,정상 처리되었습니다.,1001080164,0,200,INFO-000,정상 처리되었습니다.
1호선,동묘앞,6분 21초 후 (종각),종각,운행중,381,청량리,상행,0,200,INFO-000,정상 처리되었습니다.,1001000127,0,200,INFO-000,정상 처리되었습니다.
1호선,온수,[5]번째 전역 (송내),송내,운행중,0,양주,상행,0,200,INFO-000,정상 처리되었습니다.,1001000145,0,200,INFO-000,정상 처리되었습니다.
1호선,석계,[6]번째 전역 (신설동),신설동,운행중,0,광운대,상행,0,200,INFO-000,정상 처리되었습니다.,1001000120,1,200,INFO-000,정상 처리되었습니다.
1호선,병점,[22]번째 전역 (용산),용산,운행중,0,신창,하행,0,200,INFO-000,정상 처리되었습니다.,1001080157,1,200,INFO-000,정상 처리되었습니다.
1호선,관악,[22]번째 전역 (청량리),청량리,운행중,0,신창,하행,0,200,INFO-000,정상 처리되었습니다.,1001080146,0,200,INFO-000,정상 처리되었습니다.
1호선,광운대,[22]번째 전역 (연천),연천,운행중,0,광운대,하행,0,200,INFO-000,정상 처리되었습니다.,1001000119,1,200,INFO-000,정상 처리되었습니다.
1호선,세류,[21]번째 전역 (용산),용산,운행중,0,신창,하행,0,200,INFO-000,정상 처리되었습니다.,1001080156,1,200,INFO-000,정상 처리되었습니다.
1호선,석수,[21]번째 전역 (청량리),청량리,운행중,0,신창,하행,0,200,INFO-000,정상 처리되었습니다.,1001080145,1,200,INFO-000,정상 처리되었습니다.
1호선,수원,[20]번째 전역 (용산),용산,운행중,0,신창,하행,0,200,INFO-000,정상 처리되었습니다.,1001080155,0,200,INFO-000,정상 처리되었습니다.
1호선,금천구청,[20]번째 전역 (청량리),청량리,운행중,0,신창,하행,0,200,INFO-000,정상 처리되었습니다.,1001080144,0,200,INFO-000,정상 처리되었습니다.
1호선,독산,[19]번째 전역 (청량리),청량리,운행중,0,신창,하행,0,200,INFO-000,정상 처리되었습니다.,1001080143,1,200,INFO-000,정상 처리되었습니다.
1호선,가산디지털단지,[18]번째 전역 (청량리),청량리,운행중,0,신창,하행,0,200,INFO-000,정상 처리되었습니다.,1001080142,0,200,INFO-000,정상 처리되었습니다.
1호선,역곡,[40]번째 전역 (동두천중앙),동두천중앙,운행중,0,인천,하행,0,200,INFO-000,정상 처리되었습니다.,1001000146,1,200,INFO-000,정상 처리되었습니다.
1호선,두정,두정 도착,두정,도착,0,구로 (급행),상행,0,200,INFO-000,정상 처리되었습니다.,1001080168,0,200,INFO-000,정상 처리되었습니다.
1호선,성환,성환 도착,성환,도착,0,구로 (급행),상행,0,200,INFO-000,정상 처리되었습니다.,1001080166,0,200,INFO-000,정상 처리되었습니다.
1호선,송내,[44]번째 전역 (동두천중앙),동두천중앙,운행중,0,인천,하행,0,200,INFO-000,정상 처리되었습니다.,1001000150,0,200,INFO-000,정상 처리되었습니다.
1호선,부개,[45]번째 전역 (동두천중앙),동두천중앙,운행중,0,인천,하행,0,200,INFO-000,정상 처리되었습니다.,1001000151,1,200,INFO-000,정상 처리되었습니다.
1호선,백운,[47]번째 전역 (동두천중앙),동두천중앙,운행중,0,인천,하행,0,200,INFO-000,정상 처리되었습니다.,1001000153,1,200,INFO-000,정상 처리되었습니다.
1호선,온수,[39]번째 전역 (동두천중앙),동두천중앙,운행중,0,인천,하행,0,200,INFO-000,정상 처리되었습니다.,1001000145,0,200,INFO-000,정상 처리되었습니다.
2호선,신촌,2분 38초 후,아현,운행중,158,성수,외선,0,200,INFO-000,정상 처리되었습니다.,1002000240,0,200,INFO-000,정상 처리되었습니다.
2호선,당산,4분 31초 후,홍대입구,운행중,271,성수,외선,0,200,INFO-000,정상 처리되었습니다.,1002000237,0,200,INFO-000,정상 처리되었습니다.
2호선,신대방,2분 15초 후,대림,운행중,135,성수,외선,0,200,INFO-000,정상 처리되었습니다.,1002000231,0,200,INFO-000,정상 처리되었습니다.
2호선,역삼,4분 37초 후,교대,운행중,277,성수,외선,0,200,INFO-000,정상 처리되었습니다.,1002000221,1,200,INFO-000,정상 처리되었습니다.
2호선,잠실,3분 5초 후,종합운동장,운행중,185,성수,외선,0,200,INFO-000,정상 처리되었습니다.,1002000216,1,200,INFO-000,정상 처리되었습니다.
2호선,을지로3가,2분 39초 후,동대문역사문화공원,운행중,159,성수,외선,0,200,INFO-000,정상 처리되었습니다.,1002000203,1,200,INFO-000,정상 처리되었습니다.
2호선,왕십리,2분 52초 후,뚝섬,운행중,172,성수,외선,0,200,INFO-000,정상 처리되었습니다.,1002000208,1,200,INFO-000,정상 처리되었습니다.
2호선,삼성,9분 7초 후,교대,운행중,547,성수,외선,0,200,INFO-000,정상 처리되었습니다.,1002000219,0,200,INFO-000,정상 처리되었습니다.
2호선,강남,5분 46초 후,삼성,운행중,346,성수,내선,0,200,INFO-000,정상 처리되었습니다.,1002000222,0,200,INFO-000,정상 처리되었습니다.
2호선,삼성,7분 37초 후,잠실나루,운행중,457,성수,내선,0,200,INFO-000,정상 처리되었습니다.,1002000219,0,200,INFO-000,정상 처리되었습니다.
2호선,동대문역사문화공원,3분 54초 후,을지로입구,운행중,234,성수,내선,0,200,INFO-000,정상 처리되었습니다.,1002000205,1,200,INFO-000,정상 처리되었습니다.
2호선,뚝섬,5분 4초 후,상왕십리,운행중,304,성수,내선,0,200,INFO-000,정상 처리되었습니다.,1002000210,0,200,INFO-000,정상 처리되었습니다.
2호선,역삼,4분 4초 후,삼성,운행중,244,성수,내선,0,200,INFO-000,정상 처리되었습니다.,1002000221,1,200,INFO-000,정상 처리되었습니다.
2호선,잠실나루,6분 5초 후,건대입구,운행중,365,성수,내선,0,200,INFO-000,정상 처리되었습니다.,1002000215,0,200,INFO-000,정상 처리되었습니다.
2호선,종합운동장,5분 53초 후,잠실나루,운행중,353,성수,내선,0,200,INFO-000,정상 처리되었습니다.,1002000218,1,200,INFO-000,정상 처리되었습니다.
2호선,방배,5분 57초 후,강남,운행중,357,성수,내선,0,200,INFO-000,정상 처리되었습니다.,1002000225,1,200,INFO-000,정상 처리되었습니다.
2호선,신대방,5분 32초 후,서울대입구,운행중,332,성수,내선,0,200,INFO-000,정상 처리되었습니다.,1002000231,0,200,INFO-000,정상 처리되었습니다.
2호선,당산,4분 43초 후,신도림,운행중,283,성수,내선,0,200,INFO-000,정상 처리되었습니다.,1002000237,0,200,INFO-000,정상 처리되었습니다.
2호선,신촌,6분 45초 후,당산,운행중,405,성수,내선,0,200,INFO-000,정상 처리되었습니다.,1002000240,0,200,INFO-000,정상 처리되었습니다.
2호선,구의,구의 진입,구의,진입,2,성수,외선,0,200,INFO-000,정상 처리되었습니다.,1002000213,1,200,INFO-000,정상 처리되었습니다.
2호선,동대문역사문화공원,4분 23초 후,뚝섬,운행중,263,성수,외선,0,200,INFO-000,정상 처리되었습니다.,1002000205,1,200,INFO-000,정상 처리되었습니다.
2호선,건대입구,3분 23초 후,뚝섬,운행중,203,성수,내선,0,200,INFO-000,정상 처리되었습니다.,1002000212,0,200,INFO-000,정상 처리되었습니다.
2호선,충정로,8분 5초 후,동대문역사문화공원,운행중,485,성수,외선,0,200,INFO-000,정상 처리되었습니다.,1002000243,0,200,INFO-000,정상 처리되었습니다.
2호선,신도림,5분 24초 후,홍대입구,운행중,324,성수,외선,0,200,INFO-000,정상 처리되었습니다.,1002000234,1,200,INFO-000,정상 처리되었습니다.
2호선,서울대입구,4분 36초 후,대림,운행중,276,성수,외선,0,200,INFO-000,정상 처리되었습니다.,1002000228,1,200,INFO-000,정상 처리되었습니다.
2호선,교대,4분 28초 후,서울대입구,운행중,268,성수,외선,0,200,INFO-000,정상 처리되었습니다.,1002000223,1,200,INFO-000,정상 처리되었습니다.
2호선,삼성,3분 3초 후,역삼,운행중,183,성수,외선,0,200,INFO-000,정상 처리되었습니다.,1002000219,0,200,INFO-000,정상 처리되었습니다.
2호선,홍대입구,4분 52초 후,아현,운행중,292,성수,외선,0,200,INFO-000,정상 처리되었습니다.,1002000239,1,200,INFO-000,정상 처리되었습니다.
2호선,충정로,4분 17초 후,을지로3가,운행중,257,성수,외선,0,200,INFO-000,정상 처리되었습니다.,1002000243,0,200,INFO-000,정상 처리되었습니다.
2호선,신정네거리,신정네거리 도착,신정네거리,도착,17,신도림지선,외선,0,200,INFO-000,정상 처리되었습니다.,1002002343,0,200,INFO-000,정상 처리되었습니다.
2호선,아현,3분 1초 후,신촌,운행중,181,성수,내선,0,200,INFO-000,정상 처리되었습니다.,1002000242,1,200,INFO-000,정상 처리되었습니다.
2호선,홍대입구,4분 39초 후,당산,운행중,279,성수,내선,0,200,INFO-000,정상 처리되었습니다.,1002000239,1,200,INFO-000,정상 처리되었습니다.
2호선,상왕십리,2분 26초 후,동대문역사문화공원,운행중,146,성수,내선,0,200,INFO-000,정상 처리되었습니다.,1002000207,0,200,INFO-000,정상 처리되었습니다.
2호선,신림,2분 31초 후,서울대입구,운행중,151,성수,내선,0,200,INFO-000,정상 처리되었습니다.,1002000230,1,200,INFO-000,정상 처리되었습니다.
2호선,낙성대,3분 40초 후,방배,운행중,220,성수,내선,0,200,INFO-000,정상 처리되었습니다.,1002000227,0,200,INFO-000,정상 처리되었습니다.
2호선,신림,5분 27초 후,낙성대,운행중,327,신도림,내선,0,200,INFO-000,정상 처리되었습니다.,1002000230,1,200,INFO-000,정상 처리되었습니다.
2호선,충정로,4분 34초 후,신촌,운행중,274,성수,내선,0,200,INFO-000,정상 처리되었습니다.,1002000243,0,200,INFO-000,정상 처리되었습니다.
2호선,서울대입구,1분 30초 후,방배,운행중,90,성수,내선,0,200,INFO-000,정상 처리되었습니다.,1002000228,1,200,INFO-000,정상 처리되었습니다.
2호선,왕십리,4분 10초 후,동대문역사문화공원,운행중,250,성수,내선,0,200,INFO-000,정상 처리되었습니다.,1002000208,1,200,INFO-000,정상 처리되었습니다.
2호선,신촌,9분 30초 후,을지로3가,운행중,570,성수,외선,0,200,INFO-000,정상 처리되었습니다.,1002000240,0,200,INFO-000,정상 처리되었습니다.
2호선,아현,6분 2초 후,동대문역사문화공원,운행중,362,성수,외선,0,200,INFO-000,정상 처리되었습니다.,1002000242,1,200,INFO-000,정상 처리되었습니다.
2호선,종합운동장,5분 18초 후,교대,운행중,318,성수,외선,0,200,INFO-000,정상 처리되었습니다.,1002000218,1,200,INFO-000,정상 처리되었습니다.
2호선,잠실,7분 56초 후,건대입구,운행중,476,성수,내선,0,200,INFO-000,정상 처리되었습니다.,1002000216,1,200,INFO-000,정상 처리되었습니다.
2호선,구로디지털단지,7분 34초 후,서울대입구,운행중,454,성수,내선,0,200,INFO-000,정상 처리되었습니다.,1002000232,1,200,INFO-000,정상 처리되었습니다.
2호선,을지로3가,5분 59초 후,아현,운행중,359,성수,내선,0,200,INFO-000,정상 처리되었습니다.,1002000203,1,200,INFO-000,정상 처리되었습니다.
2호선,뚝섬,7분 후,구의,운행중,420,성수,외선,0,200,INFO-000,정상 처리되었습니다.,1002000210,0,200,INFO-000,정상 처리되었습니다.
2호선,홍대입구,9분 52초 후,신도림,운행중,592,성수,내선,0,200,INFO-000,정상 처리되었습니다.,1002000239,1,200,INFO-000,정상 처리되었습니다.
2호선,교대,8분 26초 후,삼성,운행중,506,성수,내선,0,200,INFO-000,정상 처리되었습니다.,1002000223,1,200,INFO-000,정상 처리되었습니다.
2호선,용두,용두 출발,용두,출발,8,신설동,내선,0,200,INFO-000,정상 처리되었습니다.,1002002113,1,200,INFO-000,정상 처리되었습니다.
2호선,역삼,12분 35초 후,잠실나루,운행중,755,성수,내선,0,200,INFO-000,정상 처리되었습니다.,1002000221,1,200,INFO-000,정상 처리되었습니다.
2호선,종합운동장,12분 22초 후,건대입구,운행중,742,성수,내선,0,200,INFO-000,정상 처리되었습니다.,1002000218,1,200,INFO-000,정상 처리되었습니다.
2호선,구로디지털단지,4분 47초 후,신도림,운행중,287,성수,외선,0,200,INFO-000,정상 처리되었습니다.,1002000232,1,200,INFO-000,정상 처리되었습니다.
2호선,상왕십리,4분 40초 후,뚝섬,운행중,280,성수,외선,0,200,INFO-000,정상 처리되었습니다.,1002000207,0,200,INFO-000,정상 처리되었습니다.
2호선,방배,6분 4초 후,서울대입구,운행중,364,성수,외선,0,200,INFO-000,정상 처리되었습니다.,1002000225,1,200,INFO-000,정상 처리되었습니다.
2호선,신림,5분 12초 후,대림,운행중,312,성수,외선,0,200,INFO-000,정상 처리되었습니다.,1002000230,1,200,INFO-000,정상 처리되었습니다.
2호선,구의,5분 58초 후,잠실,운행중,358,성수,외선,0,200,INFO-000,정상 처리되었습니다.,1002000213,1,200,INFO-000,정상 처리되었습니다.
2호선,건대입구,8분 35초 후,잠실,운행중,515,성수,외선,0,200,INFO-000,정상 처리되었습니다.,1002000212,0,200,INFO-000,정상 처리되었습니다.
2호선,낙성대,6분 41초 후,신대방,운행중,401,성수,외선,0,200,INFO-000,정상 처리되었습니다.,1002000227,0,200,INFO-000,정상 처리되었습니다.
2호선,구의,6분 8초 후,뚝섬,운행중,368,성수,내선,0,200,INFO-000,정상 처리되었습니다.,1002000213,1,200,INFO-000,정상 처리되었습니다.
3호선,신사,신사 진입,신사,진입,10,구파발,상행,0,200,INFO-000,정상 처리되었습니다.,1003000337,0,200,INFO-000,정상 처리되었습니다.
3호선,대청,대청 도착,대청,도착,10,대화,상행,0,200,INFO-000,정상 처리되었습니다.,1003000347,0,200,INFO-000,정상 처리되었습니다.
3호선,교대,교대 도착,교대,도착,0,대화,상행,0,200,INFO-000,정상 처리되었습니다.,1003000340,0,200,INFO-000,정상 처리되었습니다.
3호선,독립문,독립문 도착,독립문,도착,0,대화,상행,0,200,INFO-000,정상 처리되었습니다.,1003000326,0,200,INFO-000,정상 처리되었습니다.
3호선,녹번,녹번 도착,녹번,도착,0,대화,상행,0,200,INFO-000,정상 처리되었습니다.,1003000323,0,200,INFO-000,정상 처리되었습니다.
3호선,경찰병원,10분 16초 후 (대치),대치,운행중,616,오금,하행,0,200,INFO-000,정상 처리되었습니다.,1003000351,1,200,INFO-000,정상 처리되었습니다.
3호선,독립문,7분 29초 후 (을지로3가),을지로3가,운행중,449,구파발,상행,0,200,INFO-000,정상 처리되었습니다.,1003000326,0,200,INFO-000,정상 처리되었습니다.
3호선,약수,8분 21초 후 (신사),신사,운행중,501,구파발,상행,0,200,INFO-000,정상 처리되었습니다.,1003000333,0,200,INFO-000,정상 처리되었습니다.
3호선,무악재,9분 39초 후 (을지로3가),을지로3가,운행중,579,구파발,상행,0,200,INFO-000,정상 처리되었습니다.,1003000325,1,200,INFO-000,정상 처리되었습니다.
3호선,연신내,4분 21초 후 (녹번),녹번,운행중,261,오금,상행,0,200,INFO-000,정상 처리되었습니다.,1003000321,0,200,INFO-000,정상 처리되었습니다.
3호선,오금,7분 후 (일원),일원,운행중,420,수서,하행,0,200,INFO-000,정상 처리되었습니다.,1003000352,0,200,INFO-000,정상 처리되었습니다.
3호선,불광,불광 도착,불광,도착,0,대화,상행,0,200,INFO-000,정상 처리되었습니다.,1003000322,1,200,INFO-000,정상 처리되었습니다.
3호선,종로3가,6분 49초 후 (금호),금호,운행중,409,대화,상행,0,200,INFO-000,정상 처리되었습니다.,1003000329,0,200,INFO-000,정상 처리되었습니다.
3호선,원당,[5]번째 전역 (연신내),연신내,운행중,0,대화,상행,0,200,INFO-000,정상 처리되었습니다.,1003000317,1,200,INFO-000,정상 처리되었습니다.
3호선,마두,[5]번째 전역 (원흥),원흥,운행중,0,대화,상행,0,200,INFO-000,정상 처리되었습니다.,1003000312,0,200,INFO-000,정상 처리되었습니다.
3호선,양재,8분 43초 후 (대청),대청,운행중,523,대화,상행,0,200,INFO-000,정상 처리되었습니다.,1003000342,0,200,INFO-000,정상 처리되었습니다.
3호선,일원,7분 23초 후 (오금),오금,운행중,443,대화,상행,0,200,INFO-000,정상 처리되었습니다.,1003000348,1,200,INFO-000,정상 처리되었습니다.
3호선,고속터미널,8분 37초 후 (매봉),매봉,운행중,517,대화,상행,0,200,INFO-000,정상 처리되었습니다.,1003000339,1,200,INFO-000,정상 처리되었습니다.
3호선,압구정,8분 47초 후 (교대),교대,운행중,527,대화,상행,0,200,INFO-000,정상 처리되었습니다.,1003000336,1,200,INFO-000,정상 처리되었습니다.
3호선,원흥,[4]번째 전역 (연신내),연신내,운행중,0,대화,상행,0,200,INFO-000,정상 처리되었습니다.,1003000317,0,200,INFO-000,정상 처리되었습니다.
3호선,구파발,7분 후 (녹번),녹번,운행중,420,오금,상행,0,200,INFO-000,정상 처리되었습니다.,1003000320,1,200,INFO-000,정상 처리되었습니다.
3호선,마두,[3]번째 전역 (대화),대화,운행중,0,오금,하행,0,200,INFO-000,정상 처리되었습니다.,1003000312,0,200,INFO-000,정상 처리되었습니다.
3호선,양재,6분 12초 후 (고속터미널),고속터미널,운행중,372,오금,하행,0,200,INFO-000,정상 처리되었습니다.,1003000342,0,200,INFO-000,정상 처리되었습니다.
3호선,고속터미널,7분 후 (압구정),압구정,운행중,420,오금,하행,0,200,INFO-000,정상 처리되었습니다.,1003000339,1,200,INFO-000,정상 처리되었습니다.
3호선,가락시장,2분 50초 후 (오금),오금,운행중,170,대화,상행,0,200,INFO-000,정상 처리되었습니다.,1003000350,0,200,INFO-000,정상 처리되었습니다.
3호선,동대입구,2분 32초 후 (금호),금호,운행중,152,대화,상행,0,200,INFO-000,정상 처리되었습니다.,1003000332,1,200,INFO-000,정상 처리되었습니다.
3호선,화정,[2]번째 전역 (원흥),원흥,운행중,0,대화,상행,0,200,INFO-000,정상 처리되었습니다.,1003000315,1,200,INFO-000,정상 처리되었습니다.
3호선,신사,11분 12초 후 (동대입구),동대입구,운행중,672,오금,하행,0,200,INFO-000,정상 처리되었습니다.,1003000337,0,200,INFO-000,정상 처리되었습니다.
3호선,도곡,10분 25초 후 (고속터미널),고속터미널,운행중,625,오금,하행,0,200,INFO-000,정상 처리되었습니다.,1003000344,1,200,INFO-000,정상 처리되었습니다.
3호선,대청,6분 9초 후 (가락시장),가락시장,운행중,369,구파발,상행,0,200,INFO-000,정상 처리되었습니다.,1003000347,0,200,INFO-000,정상 처리되었습니다.
3호선,경찰병원,5분 40초 후 (일원),일원,운행중,340,수서,하행,0,200,INFO-000,정상 처리되었습니다.,1003000351,1,200,INFO-000,정상 처리되었습니다.
3호선,일원,4분 3초 후 (가락시장),가락시장,운행중,243,구파발,상행,0,200,INFO-000,정상 처리되었습니다.,1003000348,1,200,INFO-000,정상 처리되었습니다.
3호선,안국,2분 58초 후 (을지로3가),을지로3가,운행중,178,구파발,상행,0,200,INFO-000,정상 처리되었습니다.,1003000328,1,200,INFO-000,정상 처리되었습니다.
3호선,도곡,4분 52초 후 (대청),대청,운행중,292,대화,상행,0,200,INFO-000,정상 처리되었습니다.,1003000344,1,200,INFO-000,정상 처리되었습니다.
3호선,삼송,[3]번째 전역 (연신내),연신내,운행중,0,대화,상행,0,200,INFO-000,정상 처리되었습니다.,1003000318,1,200,INFO-000,정상 처리되었습니다.
3호선,충무로,4분 24초 후 (금호),금호,운행중,264,대화,상행,0,200,INFO-000,정상 처리되었습니다.,1003000331,1,200,INFO-000,정상 처리되었습니다.
3호선,신사,6분 16초 후 (교대),교대,운행중,376,대화,상행,0,200,INFO-000,정상 처리되었습니다.,1003000337,0,200,INFO-000,정상 처리되었습니다.
3호선,교대,6분 1초 후 (매봉),매봉,운행중,361,대화,상행,0,200,INFO-000,정상 처리되었습니다.,1003000340,0,200,INFO-000,정상 처리되었습니다.
3호선,녹번,6분 22초 후 (독립문),독립문,운행중,382,대화,상행,0,200,INFO-000,정상 처리되었습니다.,1003000323,0,200,INFO-000,정상 처리되었습니다.
3호선,안국,9분 7초 후 (금호),금호,운행중,547,대화,상행,0,200,INFO-000,정상 처리되었습니다.,1003000328,1,200,INFO-000,정상 처리되었습니다.
3호선,종로3가,4분 1초 후 (경복궁),경복궁,운행중,241,오금,하행,0,200,INFO-000,정상 처리되었습니다.,1003000329,0,200,INFO-000,정상 처리되었습니다.
3호선,대청,2분 55초 후 (대치),대치,운행중,175,오금,하행,0,200,INFO-000,정상 처리되었습니다.,1003000347,0,200,INFO-000,정상 처리되었습니다.
3호선,약수,약수 진입,금호,진입,60,대화,상행,0,200,INFO-000,정상 처리되었습니다.,1003000333,0,200,INFO-000,정상 처리되었습니다.
3호선,연신내,4분 51초 후 (녹번),녹번,운행중,291,대화,상행,0,200,INFO-000,정상 처리되었습니다.,1003000321,0,200,INFO-000,정상 처리되었습니다.
3호선,주엽,[2]번째 전역 (마두),마두,운행중,0,대화,상행,0,200,INFO-000,정상 처리되었습니다.,1003000310,0,200,INFO-000,정상 처리되었습니다.
3호선,화정,[2]번째 전역 (백석),백석,운행중,0,오금,하행,0,200,INFO-000,정상 처리되었습니다.,1003000315,1,200,INFO-000,정상 처리되었습니다.
3호선,원흥,[2]번째 전역 (화정),화정,운행중,0,오금,하행,0,200,INFO-000,정상 처리되었습니다.,1003000317,0,200,INFO-000,정상 처리되었습니다.
3호선,화정,[6]번째 전역 (연신내),연신내,운행중,0,대화,상행,0,200,INFO-000,정상 처리되었습니다.,1003000315,1,200,INFO-000,정상 처리되었습니다.
3호선,양재,13분 42초 후 (압구정),압구정,운행중,822,오금,하행,0,200,INFO-000,정상 처리되었습니다.,1003000342,0,200,INFO-000,정상 처리되었습니다.
3호선,가락시장,3분 40초 후 (일원),일원,운행중,220,수서,하행,0,200,INFO-000,정상 처리되었습니다.,1003000350,0,200,INFO-000,정상 처리되었습니다.
3호선,약수,3분 39초 후 (충무로),충무로,운행중,219,수서,하행,0,200,INFO-000,정상 처리되었습니다.,1003000333,0,200,INFO-000,정상 처리되었습니다.
3호선,충무로,11분 45초 후 (신사),신사,운행중,705,구파발,상행,0,200,INFO-000,정상 처리되었습니다.,1003000331,1,200,INFO-000,정상 처리되었습니다.
3호선,도곡,10분 51초 후 (가락시장),가락시장,운행중,651,구파발,상행,0,200,INFO-000,정상 처리되었습니다.,1003000344,1,200,INFO-000,정상 처리되었습니다.
3호선,불광,6분 10초 후 (구파발),구파발,운행중,370,오금,하행,0,200,INFO-000,정상 처리되었습니다.,1003000322,1,200,INFO-000,정상 처리되었습니다.
3호선,구파발,10분 10초 후 (원당),원당,운행중,610,오금,하행,0,200,INFO-000,정상 처리되었습니다.,1003000320,1,200,INFO-000,정상 처리되었습니다.
3호선,가락시장,8분 16초 후 (대치),대치,운행중,496,오금,하행,0,200,INFO-000,정상 처리되었습니다.,1003000350,0,200,INFO-000,정상 처리되었습니다.
3호선,원당,[3]번째 전역 (백석),백석,운행중,0,오금,하행,0,200,INFO-000,정상 처리되었습니다.,1003000317,1,200,INFO-000,정상 처리되었습니다.
3호선,일원,4분 46초 후 (대치),대치,운행중,286,오금,하행,0,200,INFO-000,정상 처리되었습니다.,1003000348,1,200,INFO-000,정상 처리되었습니다.
3호선,대청,4분 57초 후 (도곡),도곡,운행중,297,오금,하행,0,200,INFO-000,정상 처리되었습니다.,1003000347,0,200,INFO-000,정상 처리되었습니다.
3호선,안국,6분 18초 후 (무악재),무악재,운행중,378,오금,하행,0,200,INFO-000,정상 처리되었습니다.,1003000328,1,200,INFO-000,정상 처리되었습니다.
3호선,무악재,6분 48초 후 (불광),불광,운행중,408,오금,하행,0,200,INFO-000,정상 처리되었습니다.,1003000325,1,200,INFO-000,정상 처리되었습니다.
3호선,삼송,삼송 도착,삼송,도착,0,삼송,하행,0,200,INFO-000,정상 처리되었습니다.,1003000318,1,200,INFO-000,정상 처리되었습니다.
3호선,백석,[4]번째 전역 (원흥),원흥,운행중,0,대화,상행,0,200,INFO-000,정상 처리되었습니다.,1003000313,1,200,INFO-000,정상 처리되었습니다.
3호선,녹번,8분 34초 후 (구파발),구파발,운행중,514,오금,하행,0,200,INFO-000,정상 처리되었습니다.,1003000323,0,200,INFO-000,정상 처리되었습니다.
3호선,고속터미널,15분 37초 후 (동대입구),동대입구,운행중,937,오금,하행,0,200,INFO-000,정상 처리되었습니다.,1003000339,1,200,INFO-000,정상 처리되었습니다.
3호선,오금,11분 36초 후 (대치),대치,운행중,696,오금,하행,0,200,INFO-000,정상 처리되었습니다.,1003000352,0,200,INFO-000,정상 처리되었습니다.
3호선,압구정,8분 37초 후 (동대입구),동대입구,운행중,517,오금,하행,0,200,INFO-000,정상 처리되었습니다.,1003000336,1,200,INFO-000,정상 처리되었습니다.
3호선,교대,9분 29초 후 (압구정),압구정,운행중,569,오금,하행,0,200,INFO-000,정상 처리되었습니다.,1003000340,0,200,INFO-000,정상 처리되었습니다.
3호선,충무로,충무로 진입,충무로,진입,10,수서,하행,0,200,INFO-000,정상 처리되었습니다.,1003000331,1,200,INFO-000,정상 처리되었습니다.
3호선,일원,일원 진입,일원,진입,10,수서,하행,0,200,INFO-000,정상 처리되었습니다.,1003000348,1,200,INFO-000,정상 처리되었습니다.
3호선,압구정,압구정 도착,압구정,도착,0,오금,하행,0,200,INFO-000,정상 처리되었습니다.,1003000336,1,200,INFO-000,정상 처리되었습니다.
3호선,도곡,도곡 도착,도곡,도착,0,오금,하행,0,200,INFO-000,정상 처리되었습니다.,1003000344,1,200,INFO-000,정상 처리되었습니다.
3호선,구파발,구파발 도착,구파발,도착,0,구파발,상행,0,200,INFO-000,정상 처리되었습니다.,1003000320,1,200,INFO-000,정상 처리되었습니다.
3호선,백석,[8]번째 전역 (연신내),연신내,운행중,0,대화,상행,0,200,INFO-000,정상 처리되었습니다.,1003000313,1,200,INFO-000,정상 처리되었습니다.
3호선,종로3가,종로3가 도착,을지로3가,도착,40,구파발,상행,0,200,INFO-000,정상 처리되었습니다.,1003000329,0,200,INFO-000,정상 처리되었습니다.
3호선,백석,백석 진입,백석,진입,0,오금,하행,0,200,INFO-000,정상 처리되었습니다.,1003000313,1,200,INFO-000,정상 처리되었습니다.
3호선,화정,화정 도착,화정,도착,0,오금,하행,0,200,INFO-000,정상 처리되었습니다.,1003000315,1,200,INFO-000,정상 처리되었습니다.
3호선,원흥,원흥 도착,원흥,도착,0,오금,하행,0,200,INFO-000,정상 처리되었습니다.,1003000317,0,200,INFO-000,정상 처리되었습니다.
3호선,무악재,무악재 도착,무악재,도착,0,오금,하행,0,200,INFO-000,정상 처리되었습니다.,1003000325,1,200,INFO-000,정상 처리되었습니다.
3호선,동대입구,동대입구 도착,동대입구,도착,0,오금,하행,0,200,INFO-000,정상 처리되었습니다.,1003000332,1,200,INFO-000,정상 처리되었습니다.
3호선,백석,[4]번째 전역 (대화),대화,운행중,0,오금,하행,0,200,INFO-000,정상 처리되었습니다.,1003000313,1,200,INFO-000,정상 처리되었습니다.
3호선,연신내,13분 28초 후 (원당),원당,운행중,808,오금,하행,0,200,INFO-000,정상 처리되었습니다.,1003000321,0,200,INFO-000,정상 처리되었습니다.
3호선,독립문,8분 18초 후 (불광),불광,운행중,498,오금,하행,0,200,INFO-000,정상 처리되었습니다.,1003000326,0,200,INFO-000,정상 처리되었습니다.
3호선,종로3가,8분 26초 후 (무악재),무악재,운행중,506,오금,하행,0,200,INFO-000,정상 처리되었습니다.,1003000329,0,200,INFO-000,정상 처리되었습니다.
3호선,충무로,7분 35초 후 (경복궁),경복궁,운행중,455,오금,하행,0,200,INFO-000,정상 처리되었습니다.,1003000331,1,200,INFO-000,정상 처리되었습니다.
3호선,마두,마두 진입,마두,진입,0,대화,상행,0,200,INFO-000,정상 처리되었습니다.,1003000312,0,200,INFO-000,정상 처리되었습니다.
3호선,연신내,연신내 도착,연신내,도착,0,대화,상행,0,200,INFO-000,정상 처리되었습니다.,1003000321,0,200,INFO-000,정상 처리되었습니다.
3호선,오금,오금 도착,오금,도착,0,대화,상행,0,200,INFO-000,정상 처리되었습니다.,1003000352,0,200,INFO-000,정상 처리되었습니다.
3호선,주엽,주엽 진입,주엽,진입,0,대화,상행,0,200,INFO-000,정상 처리되었습니다.,1003000310,0,200,INFO-000,정상 처리되었습니다.
3호선,동대입구,9분 53초 후 (신사),신사,운행중,593,구파발,상행,0,200,INFO-000,정상 처리되었습니다.,1003000332,1,200,INFO-000,정상 처리되었습니다.
4호선,동대문역사문화공원,동대문역사문화공원 진입,동대문역사문화공원,진입,10,당고개,상행,0,200,INFO-000,정상 처리되었습니다.,1004000422,0,200,INFO-000,정상 처리되었습니다.
4호선,회현,회현 도착,회현,도착,0,당고개,상행,0,200,INFO-000,정상 처리되었습니다.,1004000425,1,200,INFO-000,정상 처리되었습니다.
4호선,삼각지,삼각지 도착,삼각지,도착,0,당고개,상행,0,200,INFO-000,정상 처리되었습니다.,1004000428,0,200,INFO-000,정상 처리되었습니다.
4호선,사당,사당 도착,사당,도착,0,당고개,상행,0,200,INFO-000,정상 처리되었습니다.,1004000433,0,200,INFO-000,정상 처리되었습니다.
4호선,남태령,남태령 도착,남태령,도착,0,당고개,상행,0,200,INFO-000,정상 처리되었습니다.,1004000434,1,200,INFO-000,정상 처리되었습니다.
4호선,동작,동작 도착,동작,도착,0,당고개,상행,0,200,INFO-000,정상 처리되었습니다.,1004000431,1,200,INFO-000,정상 처리되었습니다.
4호선,대공원,대공원 진입,대공원,진입,0,당고개,상행,0,200,INFO-000,정상 처리되었습니다.,1004000437,0,200,INFO-000,정상 처리되었습니다.
4호선,초지,초지 진입,초지,진입,0,안산,하행,0,200,INFO-000,정상 처리되었습니다.,1004000452,1,200,INFO-000,정상 처리되었습니다.
4호선,오이도,오이도 도착,오이도,도착,0,오이도,하행,0,200,INFO-000,정상 처리되었습니다.,1004000456,0,200,INFO-000,정상 처리되었습니다.
4호선,한대앞,한대앞 도착,한대앞,도착,0,오이도,하행,0,200,INFO-000,정상 처리되었습니다.,1004000449,1,200,INFO-000,정상 처리되었습니다.
4호선,대야미,대야미 진입,대야미,진입,0,오이도,하행,0,200,INFO-000,정상 처리되었습니다.,1004000446,1,200,INFO-000,정상 처리되었습니다.
4호선,평촌,평촌 진입,평촌,진입,0,오이도,하행,0,200,INFO-000,정상 처리되었습니다.,1004000441,1,200,INFO-000,정상 처리되었습니다.
4호선,신용산,신용산 도착,신용산,도착,0,오이도,하행,0,200,INFO-000,정상 처리되었습니다.,1004000429,1,200,INFO-000,정상 처리되었습니다.
4호선,회현,회현 진입,회현,진입,10,오이도,하행,0,200,INFO-000,정상 처리되었습니다.,1004000425,1,200,INFO-000,정상 처리되었습니다.
4호선,길음,8분 25초 후 (쌍문),쌍문,운행중,505,오이도,하행,0,200,INFO-000,정상 처리되었습니다.,1004000417,1,200,INFO-000,정상 처리되었습니다.
4호선,숙대입구,8분 58초 후 (동작),동작,운행중,538,당고개,상행,0,200,INFO-000,정상 처리되었습니다.,1004000427,1,200,INFO-000,정상 처리되었습니다.
4호선,평촌,[4]번째 전역 (수리산),수리산,운행중,0,당고개,상행,0,200,INFO-000,정상 처리되었습니다.,1004000441,1,200,INFO-000,정상 처리되었습니다.
4호선,충무로,9분 28초 후 (삼각지),삼각지,운행중,568,당고개,상행,0,200,INFO-000,정상 처리되었습니다.,1004000423,1,200,INFO-000,정상 처리되었습니다.
4호선,상계,11분 12초 후 (미아),미아,운행중,672,당고개,상행,0,200,INFO-000,정상 처리되었습니다.,1004000410,0,200,INFO-000,정상 처리되었습니다.
4호선,한대앞,[7]번째 전역 (오이도),오이도,운행중,0,당고개,상행,0,200,INFO-000,정상 처리되었습니다.,1004000449,1,200,INFO-000,정상 처리되었습니다.
4호선,상록수,[8]번째 전역 (오이도),오이도,운행중,0,당고개,상행,0,200,INFO-000,정상 처리되었습니다.,1004000448,0,200,INFO-000,정상 처리되었습니다.
4호선,수유,8분 51초 후 (상계),상계,운행중,531,사당,하행,0,200,INFO-000,정상 처리되었습니다.,1004000414,1,200,INFO-000,정상 처리되었습니다.
4호선,동대문역사문화공원,8분 40초 후 (성신여대입구),성신여대입구,운행중,520,사당,하행,0,200,INFO-000,정상 처리되었습니다.,1004000422,0,200,INFO-000,정상 처리되었습니다.
4호선,노원,노원 진입,상계,진입,106,사당,하행,0,200,INFO-000,정상 처리되었습니다.,1004000411,1,200,INFO-000,정상 처리되었습니다.
4호선,미아사거리,7분 53초 후 (혜화),혜화,운행중,473,당고개,상행,0,200,INFO-000,정상 처리되었습니다.,1004000416,0,200,INFO-000,정상 처리되었습니다.
4호선,대공원,[3]번째 전역 (남태령),남태령,운행중,0,오이도,하행,0,200,INFO-000,정상 처리되었습니다.,1004000437,0,200,INFO-000,정상 처리되었습니다.
4호선,미아사거리,6분 35초 후 (쌍문),쌍문,운행중,395,오이도,하행,0,200,INFO-000,정상 처리되었습니다.,1004000416,0,200,INFO-000,정상 처리되었습니다.
4호선,미아사거리,4분 23초 후 (성신여대입구),성신여대입구,운행중,263,당고개,상행,0,200,INFO-000,정상 처리되었습니다.,1004000416,0,200,INFO-000,정상 처리되었습니다.
4호선,충무로,3분 30초 후 (회현),회현,운행중,210,당고개,상행,0,200,INFO-000,정상 처리되었습니다.,1004000423,1,200,INFO-000,정상 처리되었습니다.
4호선,대야미,[5]번째 전역 (평촌),평촌,운행중,0,오이도,하행,0,200,INFO-000,정상 처리되었습니다.,1004000446,1,200,INFO-000,정상 처리되었습니다.
4호선,상록수,[7]번째 전역 (평촌),평촌,운행중,0,오이도,하행,0,200,INFO-000,정상 처리되었습니다.,1004000448,0,200,INFO-000,정상 처리되었습니다.
4호선,대야미,[3]번째 전역 (한대앞),한대앞,운행중,0,당고개,상행,0,200,INFO-000,정상 처리되었습니다.,1004000446,1,200,INFO-000,정상 처리되었습니다.
4호선,평촌,[7]번째 전역 (남태령),남태령,운행중,0,오이도,하행,0,200,INFO-000,정상 처리되었습니다.,1004000441,1,200,INFO-000,정상 처리되었습니다.
4호선,초지,[4]번째 전역 (오이도),오이도,운행중,0,당고개,상행,0,200,INFO-000,정상 처리되었습니다.,1004000452,1,200,INFO-000,정상 처리되었습니다.
4호선,회현,5분 58초 후 (삼각지),삼각지,운행중,358,당고개,상행,0,200,INFO-000,정상 처리되었습니다.,1004000425,1,200,INFO-000,정상 처리되었습니다.
4호선,삼각지,6분 55초 후 (동작),동작,운행중,415,당고개,상행,0,200,INFO-000,정상 처리되었습니다.,1004000428,0,200,INFO-000,정상 처리되었습니다.
4호선,신용산,8분 후 (총신대입구(이수)),총신대입구(이수),운행중,480,당고개,상행,0,200,INFO-000,정상 처리되었습니다.,1004000429,1,200,INFO-000,정상 처리되었습니다.
4호선,남태령,[3]번째 전역 (대공원),대공원,운행중,0,당고개,상행,0,200,INFO-000,정상 처리되었습니다.,1004000434,1,200,INFO-000,정상 처리되었습니다.
4호선,신용산,5분 20초 후 (동작),동작,운행중,320,당고개,상행,0,200,INFO-000,정상 처리되었습니다.,1004000429,1,200,INFO-000,정상 처리되었습니다.
4호선,신용산,3분 52초 후 (숙대입구),숙대입구,운행중,232,사당,하행,0,200,INFO-000,정상 처리되었습니다.,1004000429,1,200,INFO-000,정상 처리되었습니다.
4호선,삼각지,5분 54초 후 (회현),회현,운행중,354,오이도,하행,0,200,INFO-000,정상 처리되었습니다.,1004000428,0,200,INFO-000,정상 처리되었습니다.
4호선,남태령,[3]번째 전역 (동작),동작,운행중,0,오이도,하행,0,200,INFO-000,정상 처리되었습니다.,1004000434,1,200,INFO-000,정상 처리되었습니다.
4호선,미아,10분 59초 후 (상계),상계,운행중,659,사당,하행,0,200,INFO-000,정상 처리되었습니다.,1004000415,0,200,INFO-000,정상 처리되었습니다.
4호선,총신대입구(이수),총신대입구(이수) 도착,총신대입구(이수),도착,0,사당,하행,0,200,INFO-000,정상 처리되었습니다.,1004000432,1,200,INFO-000,정상 처리되었습니다.
4호선,이촌,이촌 진입,이촌,진입,10,사당,하행,0,200,INFO-000,정상 처리되었습니다.,1004000430,1,200,INFO-000,정상 처리되었습니다.
4호선,숙대입구,숙대입구 도착,숙대입구,도착,0,사당,하행,0,200,INFO-000,정상 처리되었습니다.,1004000427,1,200,INFO-000,정상 처리되었습니다.
4호선,한대앞,[3]번째 전역 (대야미),대야미,운행중,0,오이도,하행,0,200,INFO-000,정상 처리되었습니다.,1004000449,1,200,INFO-000,정상 처리되었습니다.
4호선,미아,6분 38초 후 (성신여대입구),성신여대입구,운행중,398,당고개,상행,0,200,INFO-000,정상 처리되었습니다.,1004000415,0,200,INFO-000,정상 처리되었습니다.
4호선,길음,5분 36초 후 (혜화),혜화,운행중,336,당고개,상행,0,200,INFO-000,정상 처리되었습니다.,1004000417,1,200,INFO-000,정상 처리되었습니다.
4호선,동대문역사문화공원,5분 48초 후 (회현),회현,운행중,348,당고개,상행,0,200,INFO-000,정상 처리되었습니다.,1004000422,0,200,INFO-000,정상 처리되었습니다.
4호선,이촌,5분 55초 후 (총신대입구(이수)),총신대입구(이수),운행중,355,당고개,상행,0,200,INFO-000,정상 처리되었습니다.,1004000430,1,200,INFO-000,정상 처리되었습니다.
4호선,수유,4분 15초 후 (미아사거리),미아사거리,운행중,255,당고개,상행,0,200,INFO-000,정상 처리되었습니다.,1004000414,1,200,INFO-000,정상 처리되었습니다.
4호선,동작,4분 40초 후 (사당),사당,운행중,280,당고개,상행,0,200,INFO-000,정상 처리되었습니다.,1004000431,1,200,INFO-000,정상 처리되었습니다.
4호선,총신대입구(이수),4분 35초 후 (남태령),남태령,운행중,275,당고개,상행,0,200,INFO-000,정상 처리되었습니다.,1004000432,1,200,INFO-000,정상 처리되었습니다.
4호선,수유,수유 진입,쌍문,진입,123,오이도,하행,0,200,INFO-000,정상 처리되었습니다.,1004000414,1,200,INFO-000,정상 처리되었습니다.
4호선,길음,길음 진입,미아사거리,진입,80,오이도,하행,0,200,INFO-000,정상 처리되었습니다.,1004000417,1,200,INFO-000,정상 처리되었습니다.
4호선,성신여대입구,성신여대입구 도착,성신여대입구,도착,0,사당,하행,0,200,INFO-000,정상 처리되었습니다.,1004000418,1,200,INFO-000,정상 처리되었습니다.
4호선,상계,도착,상계,도착,0,사당,하행,0,200,INFO-000,정상 처리되었습니다.,1004000410,0,200,INFO-000,정상 처리되었습니다.
4호선,대공원,[6]번째 전역 (금정),금정,운행중,0,당고개,상행,0,200,INFO-000,정상 처리되었습니다.,1004000437,0,200,INFO-000,정상 처리되었습니다.
4호선,수리산,[11]번째 전역 (남태령),남태령,운행중,0,오이도,하행,0,200,INFO-000,정상 처리되었습니다.,1004000445,0,200,INFO-000,정상 처리되었습니다.
4호선,충무로,3분 33초 후 (동대문),동대문,운행중,213,오이도,하행,0,200,INFO-000,정상 처리되었습니다.,1004000423,1,200,INFO-000,정상 처리되었습니다.
4호선,성신여대입구,3분 48초 후 (미아사거리),미아사거리,운행중,228,오이도,하행,0,200,INFO-000,정상 처리되었습니다.,1004000418,1,200,INFO-000,정상 처리되었습니다.
4호선,숙대입구,3분 52초 후 (회현),회현,운행중,232,오이도,하행,0,200,INFO-000,정상 처리되었습니다.,1004000427,1,200,INFO-000,정상 처리되었습니다.
4호선,금정,[2]번째 전역 (수리산),수리산,운행중,0,당고개,상행,0,200,INFO-000,정상 처리되었습니다.,1004000443,0,200,INFO-000,정상 처리되었습니다.
4호선,성신여대입구,3분 30초 후 (혜화),혜화,운행중,210,당고개,상행,0,200,INFO-000,정상 처리되었습니다.,1004000418,1,200,INFO-000,정상 처리되었습니다.
4호선,한성대입구,4분 40초 후 (동대문),동대문,운행중,280,당고개,상행,0,200,INFO-000,정상 처리되었습니다.,1004000419,0,200,INFO-000,정상 처리되었습니다.
4호선,동대문,6분 35초 후 (성신여대입구),성신여대입구,운행중,395,사당,하행,0,200,INFO-000,정상 처리되었습니다.,1004000421,0,200,INFO-000,정상 처리되었습니다.
4호선,사당,5분 10초 후 (동작),동작,운행중,310,오이도,하행,0,200,INFO-000,정상 처리되었습니다.,1004000433,0,200,INFO-000,정상 처리되었습니다.
4호선,동작,6분 21초 후 (신용산),신용산,운행중,381,오이도,하행,0,200,INFO-000,정상 처리되었습니다.,1004000431,1,200,INFO-000,정상 처리되었습니다.
4호선,한성대입구,5분 30초 후 (미아사거리),미아사거리,운행중,330,오이도,하행,0,200,INFO-000,정상 처리되었습니다.,1004000419,0,200,INFO-000,정상 처리되었습니다.
4호선,회현,4분 48초 후 (동대문역사문화공원),동대문역사문화공원,운행중,288,사당,하행,0,200,INFO-000,정상 처리되었습니다.,1004000425,1,200,INFO-000,정상 처리되었습니다.
4호선,남태령,4분 20초 후 (총신대입구(이수)),총신대입구(이수),운행중,260,사당,하행,0,200,INFO-000,정상 처리되었습니다.,1004000434,1,200,INFO-000,정상 처리되었습니다.
4호선,총신대입구(이수),7분 15초 후 (이촌),이촌,운행중,435,사당,하행,0,200,INFO-000,정상 처리되었습니다.,1004000432,1,200,INFO-000,정상 처리되었습니다.
4호선,미아,4분 11초 후 (쌍문),쌍문,운행중,251,오이도,하행,0,200,INFO-000,정상 처리되었습니다.,1004000415,0,200,INFO-000,정상 처리되었습니다.
4호선,금정,[2]번째 전역 (평촌),평촌,운행중,0,오이도,하행,0,200,INFO-000,정상 처리되었습니다.,1004000443,0,200,INFO-000,정상 처리되었습니다.
4호선,상록수,[2]번째 전역 (대야미),대야미,운행중,0,오이도,하행,0,200,INFO-000,정상 처리되었습니다.,1004000448,0,200,INFO-000,정상 처리되었습니다.
4호선,금정,[9]번째 전역 (남태령),남태령,운행중,0,오이도,하행,0,200,INFO-000,정상 처리되었습니다.,1004000443,0,200,INFO-000,정상 처리되었습니다.
4호선,수리산,수리산 진입,수리산,진입,0,당고개,상행,0,200,INFO-000,정상 처리되었습니다.,1004000445,0,200,INFO-000,정상 처리되었습니다.
4호선,노원,노원 도착,노원,도착,0,당고개,상행,0,200,INFO-000,정상 처리되었습니다.,1004000411,1,200,INFO-000,정상 처리되었습니다.
4호선,수리산,[4]번째 전역 (평촌),평촌,운행중,0,오이도,하행,0,200,INFO-000,정상 처리되었습니다.,1004000445,0,200,INFO-000,정상 처리되었습니다.
4호선,수리산,[4]번째 전역 (한대앞),한대앞,운행중,0,당고개,상행,0,200,INFO-000,정상 처리되었습니다.,1004000445,0,200,INFO-000,정상 처리되었습니다.
4호선,노원,8분 42초 후 (미아),미아,운행중,522,당고개,상행,0,200,INFO-000,정상 처리되었습니다.,1004000411,1,200,INFO-000,정상 처리되었습니다.
4호선,미아사거리,13분 23초 후 (상계),상계,운행중,803,사당,하행,0,200,INFO-000,정상 처리되었습니다.,1004000416,0,200,INFO-000,정상 처리되었습니다.
4호선,대공원,[6]번째 전역 (동작),동작,운행중,0,오이도,하행,0,200,INFO-000,정상 처리되었습니다.,1004000437,0,200,INFO-000,정상 처리되었습니다.
4호선,대야미,[10]번째 전역 (오이도),오이도,운행중,0,당고개,상행,0,200,INFO-000,정상 처리되었습니다.,1004000446,1,200,INFO-000,정상 처리되었습니다.
5호선,상일동,13분 후 (하남검단산),하남검단산,운행중,780,방화,상행,0,200,INFO-000,정상 처리되었습니다.,1005000553,0,200,INFO-000,정상 처리되었습니다.
5호선,여의도,11분 후 (목동),목동,운행중,660,마천,하행,0,200,INFO-000,정상 처리되었습니다.,1005000526,0,200,INFO-000,정상 처리되었습니다.
5호선,여의도,5분 후 (영등포구청),영등포구청,운행중,300,하남검단산,하행,0,200,INFO-000,정상 처리되었습니다.,1005000526,0,200,INFO-000,정상 처리되었습니다.
5호선,방화,3분 후 (김포공항),김포공항,운행중,180,방화,상행,0,200,INFO-000,정상 처리되었습니다.,1005000510,0,200,INFO-000,정상 처리되었습니다.
5호선,천호(풍납토성),5분 후 (올림픽공원(한국체대)),올림픽공원(한국체대),운행중,300,방화,상행,0,200,INFO-000,정상 처리되었습니다.,1005000547,1,200,INFO-000,정상 처리되었습니다.
5호선,상일동,상일동 전역출발,상일동,전역출발,60,방화,상행,0,200,INFO-000,정상 처리되었습니다.,1005000553,0,200,INFO-000,정상 처리되었습니다.
5호선,신정(은행정),12분 후 (송정),송정,운행중,720,마천,하행,0,200,INFO-000,정상 처리되었습니다.,1005000519,0,200,INFO-000,정상 처리되었습니다.
5호선,청구,6분 후 (마장),마장,운행중,360,방화,상행,0,200,INFO-000,정상 처리되었습니다.,1005000537,1,200,INFO-000,정상 처리되었습니다.
5호선,동대문역사문화공원,5분 후 (종로3가),종로3가,운행중,300,마천,하행,0,200,INFO-000,정상 처리되었습니다.,1005000536,0,200,INFO-000,정상 처리되었습니다.
5호선,마장,2분 후 (행당),행당,운행중,120,마천,하행,0,200,INFO-000,정상 처리되었습니다.,1005000541,0,200,INFO-000,정상 처리되었습니다.
5호선,공덕,4분 후 (여의나루),여의나루,운행중,240,마천,하행,0,200,INFO-000,정상 처리되었습니다.,1005000529,0,200,INFO-000,정상 처리되었습니다.
5호선,여의도,7분 후 (애오개),애오개,운행중,420,방화,상행,0,200,INFO-000,정상 처리되었습니다.,1005000526,0,200,INFO-000,정상 처리되었습니다.
5호선,우장산,7분 후 (목동),목동,운행중,420,방화,상행,0,200,INFO-000,정상 처리되었습니다.,1005000516,0,200,INFO-000,정상 처리되었습니다.
5호선,송정,8분 후 (화곡),화곡,운행중,480,방화,상행,0,200,INFO-000,정상 처리되었습니다.,1005000513,1,200,INFO-000,정상 처리되었습니다.
5호선,애오개,9분 후 (종로3가),종로3가,운행중,540,방화,상행,0,200,INFO-000,정상 처리되었습니다.,1005000530,1,200,INFO-000,정상 처리되었습니다.
5호선,왕십리,7분 후 (군자(능동)),군자(능동),운행중,420,방화,상행,0,200,INFO-000,정상 처리되었습니다.,1005000540,1,200,INFO-000,정상 처리되었습니다.
5호선,영등포구청,전전역 출발,영등포시장,운행중,120,방화,상행,0,200,INFO-000,정상 처리되었습니다.,1005000523,1,200,INFO-000,정상 처리되었습니다.
5호선,여의도,여의도 전역출발,여의나루,전역출발,60,방화,상행,0,200,INFO-000,정상 처리되었습니다.,1005000526,0,200,INFO-000,정상 처리되었습니다.
5호선,우장산,11분 후 (방화),방화,운행중,660,하남검단산,하행,0,200,INFO-000,정상 처리되었습니다.,1005000516,0,200,INFO-000,정상 처리되었습니다.
5호선,공덕,11분 후 (영등포구청),영등포구청,운행중,660,하남검단산,하행,0,200,INFO-000,정상 처리되었습니다.,1005000529,0,200,INFO-000,정상 처리되었습니다.
5호선,장한평,12분 후 (청구),청구,운행중,720,하남검단산,하행,0,200,INFO-000,정상 처리되었습니다.,1005000543,0,200,INFO-000,정상 처리되었습니다.
5호선,동대문역사문화공원,12분 후 (애오개),애오개,운행중,720,하남검단산,하행,0,200,INFO-000,정상 처리되었습니다.,1005000536,0,200,INFO-000,정상 처리되었습니다.
5호선,굽은다리(강동구민회관앞),13분 후 (군자(능동)),군자(능동),운행중,780,하남검단산,하행,0,200,INFO-000,정상 처리되었습니다.,1005000550,1,200,INFO-000,정상 처리되었습니다.
5호선,광나루(장신대),13분 후 (행당),행당,운행중,780,마천,하행,0,200,INFO-000,정상 처리되었습니다.,1005000546,0,200,INFO-000,정상 처리되었습니다.
5호선,영등포구청,6분 후 (목동),목동,운행중,360,마천,하행,0,200,INFO-000,정상 처리되었습니다.,1005000523,1,200,INFO-000,정상 처리되었습니다.
5호선,애오개,6분 후 (여의나루),여의나루,운행중,360,마천,하행,0,200,INFO-000,정상 처리되었습니다.,1005000530,1,200,INFO-000,정상 처리되었습니다.
5호선,청구,7분 후 (종로3가),종로3가,운행중,420,마천,하행,0,200,INFO-000,정상 처리되었습니다.,1005000537,1,200,INFO-000,정상 처리되었습니다.
5호선,송정,송정 도착,송정,도착,60,마천,하행,0,200,INFO-000,정상 처리되었습니다.,1005000513,1,200,INFO-000,정상 처리되었습니다.
5호선,상일동,19분 후 (군자(능동)),군자(능동),운행중,1140,하남검단산,하행,0,200,INFO-000,정상 처리되었습니다.,1005000553,0,200,INFO-000,정상 처리되었습니다.
5호선,개롱,12분 후 (천호(풍납토성)),천호(풍납토성),운행중,720,마천,하행,0,200,INFO-000,정상 처리되었습니다.,1005080553,1,200,INFO-000,정상 처리되었습니다.
5호선,목동,목동 전역출발,목동,전역출발,60,마천,하행,0,200,INFO-000,정상 처리되었습니다.,1005000520,1,200,INFO-000,정상 처리되었습니다.
5호선,여의나루,여의나루 전역출발,여의나루,전역출발,60,마천,하행,0,200,INFO-000,정상 처리되었습니다.,1005000527,1,200,INFO-000,정상 처리되었습니다.
5호선,종로3가,종로3가 전역출발,종로3가,전역출발,60,마천,하행,0,200,INFO-000,정상 처리되었습니다.,1005000534,1,200,INFO-000,정상 처리되었습니다.
5호선,천호(풍납토성),천호(풍납토성) 전역출발,천호(풍납토성),전역출발,60,마천,하행,0,200,INFO-000,정상 처리되었습니다.,1005000547,1,200,INFO-000,정상 처리되었습니다.
5호선,개롱,개롱 전역출발,개롱,전역출발,60,마천,하행,0,200,INFO-000,정상 처리되었습니다.,1005080553,1,200,INFO-000,정상 처리되었습니다.
5호선,공덕,10분 후 (종로3가),종로3가,운행중,600,방화,상행,0,200,INFO-000,정상 처리되었습니다.,1005000529,0,200,INFO-000,정상 처리되었습니다.
5호선,동대문역사문화공원,8분 후 (마장),마장,운행중,480,방화,상행,0,200,INFO-000,정상 처리되었습니다.,1005000536,0,200,INFO-000,정상 처리되었습니다.
5호선,목동,11분 후 (여의도),여의도,운행중,660,방화,상행,0,200,INFO-000,정상 처리되었습니다.,1005000520,1,200,INFO-000,정상 처리되었습니다.
5호선,개화산,5분 후 (송정),송정,운행중,300,방화,상행,0,200,INFO-000,정상 처리되었습니다.,1005000511,1,200,INFO-000,정상 처리되었습니다.
5호선,개롱,19분 후 (마천),마천,운행중,1140,방화,상행,0,200,INFO-000,정상 처리되었습니다.,1005080553,1,200,INFO-000,정상 처리되었습니다.
5호선,영등포시장,5분 후 (여의나루),여의나루,운행중,300,방화,상행,0,200,INFO-000,정상 처리되었습니다.,1005000524,0,200,INFO-000,정상 처리되었습니다.
5호선,여의나루,6분 후 (애오개),애오개,운행중,360,방화,상행,0,200,INFO-000,정상 처리되었습니다.,1005000527,1,200,INFO-000,정상 처리되었습니다.
5호선,굽은다리(강동구민회관앞),7분 후 (상일동),상일동,운행중,420,방화,상행,0,200,INFO-000,정상 처리되었습니다.,1005000550,1,200,INFO-000,정상 처리되었습니다.
5호선,신정(은행정),8분 후 (영등포시장),영등포시장,운행중,480,방화,상행,0,200,INFO-000,정상 처리되었습니다.,1005000519,0,200,INFO-000,정상 처리되었습니다.
5호선,천호(풍납토성),12분 후 (상일동),상일동,운행중,720,방화,상행,0,200,INFO-000,정상 처리되었습니다.,1005000547,1,200,INFO-000,정상 처리되었습니다.
5호선,둔촌동,13분 후 (마천),마천,운행중,780,방화,상행,0,200,INFO-000,정상 처리되었습니다.,1005080549,0,200,INFO-000,정상 처리되었습니다.
5호선,여의나루,7분 후 (영등포구청),영등포구청,운행중,420,하남검단산,하행,0,200,INFO-000,정상 처리되었습니다.,1005000527,1,200,INFO-000,정상 처리되었습니다.
5호선,종로3가,8분 후 (애오개),애오개,운행중,480,하남검단산,하행,0,200,INFO-000,정상 처리되었습니다.,1005000534,1,200,INFO-000,정상 처리되었습니다.
5호선,목동,7분 후 (영등포시장),영등포시장,운행중,420,방화,상행,0,200,INFO-000,정상 처리되었습니다.,1005000520,1,200,INFO-000,정상 처리되었습니다.
5호선,광나루(장신대),5분 후 (군자(능동)),군자(능동),운행중,300,하남검단산,하행,0,200,INFO-000,정상 처리되었습니다.,1005000546,0,200,INFO-000,정상 처리되었습니다.
5호선,방화,방화 도착,방화,도착,360,마천,하행,0,200,INFO-000,정상 처리되었습니다.,1005000510,0,200,INFO-000,정상 처리되었습니다.
5호선,왕십리,6분 후 (청구),청구,운행중,360,하남검단산,하행,0,200,INFO-000,정상 처리되었습니다.,1005000540,1,200,INFO-000,정상 처리되었습니다.
5호선,목동,7분 후 (화곡),화곡,운행중,420,하남검단산,하행,0,200,INFO-000,정상 처리되었습니다.,1005000520,1,200,INFO-000,정상 처리되었습니다.
5호선,송정,6분 후 (방화),방화,운행중,360,하남검단산,하행,0,200,INFO-000,정상 처리되었습니다.,1005000513,1,200,INFO-000,정상 처리되었습니다.
5호선,천호(풍납토성),8분 후 (군자(능동)),군자(능동),운행중,480,하남검단산,하행,0,200,INFO-000,정상 처리되었습니다.,1005000547,1,200,INFO-000,정상 처리되었습니다.
5호선,우장산,6분 후 (송정),송정,운행중,360,마천,하행,0,200,INFO-000,정상 처리되었습니다.,1005000516,0,200,INFO-000,정상 처리되었습니다.
5호선,군자(능동),군자(능동) 도착,군자(능동),도착,60,방화,상행,0,200,INFO-000,정상 처리되었습니다.,1005000544,1,200,INFO-000,정상 처리되었습니다.
5호선,송정,송정 전역출발,송정,전역출발,60,방화,상행,0,200,INFO-000,정상 처리되었습니다.,1005000513,1,200,INFO-000,정상 처리되었습니다.
5호선,화곡,화곡 도착,화곡,도착,60,방화,상행,0,200,INFO-000,정상 처리되었습니다.,1005000517,1,200,INFO-000,정상 처리되었습니다.
5호선,영등포시장,영등포시장 전역출발,영등포시장,전역출발,60,방화,상행,0,200,INFO-000,정상 처리되었습니다.,1005000524,0,200,INFO-000,정상 처리되었습니다.
5호선,애오개,애오개 도착,애오개,도착,60,방화,상행,0,200,INFO-000,정상 처리되었습니다.,1005000530,1,200,INFO-000,정상 처리되었습니다.
5호선,청구,청구 도착,청구,도착,60,방화,상행,0,200,INFO-000,정상 처리되었습니다.,1005000537,1,200,INFO-000,정상 처리되었습니다.
5호선,마장,마장 도착,마장,도착,60,방화,상행,0,200,INFO-000,정상 처리되었습니다.,1005000541,0,200,INFO-000,정상 처리되었습니다.
5호선,둔촌동,20분 후 (행당),행당,운행중,1200,마천,하행,0,200,INFO-000,정상 처리되었습니다.,1005080549,0,200,INFO-000,정상 처리되었습니다.
5호선,둔촌동,둔촌동 전역출발,올림픽공원(한국체대),전역출발,120,방화,상행,0,200,INFO-000,정상 처리되었습니다.,1005080549,0,200,INFO-000,정상 처리되었습니다.
5호선,개화산,개화산 전역출발,김포공항,전역출발,60,방화,상행,0,200,INFO-000,정상 처리되었습니다.,1005000511,1,200,INFO-000,정상 처리되었습니다.
5호선,마장,6분 후 (군자(능동)),군자(능동),운행중,360,방화,상행,0,200,INFO-000,정상 처리되었습니다.,1005000541,0,200,INFO-000,정상 처리되었습니다.
5호선,개롱,6분 후 (마천),마천,운행중,360,방화,상행,0,200,INFO-000,정상 처리되었습니다.,1005080553,1,200,INFO-000,정상 처리되었습니다.
5호선,영등포구청,6분 후 (여의도),여의도,운행중,360,방화,상행,0,200,INFO-000,정상 처리되었습니다.,1005000523,1,200,INFO-000,정상 처리되었습니다.
5호선,화곡,5분 후 (목동),목동,운행중,300,방화,상행,0,200,INFO-000,정상 처리되었습니다.,1005000517,1,200,INFO-000,정상 처리되었습니다.
5호선,군자(능동),6분 후 (천호(풍납토성)),천호(풍납토성),운행중,360,방화,상행,0,200,INFO-000,정상 처리되었습니다.,1005000544,1,200,INFO-000,정상 처리되었습니다.
5호선,장한평,8분 후 (광나루(장신대)),광나루(장신대),운행중,480,방화,상행,0,200,INFO-000,정상 처리되었습니다.,1005000543,0,200,INFO-000,정상 처리되었습니다.
5호선,굽은다리(강동구민회관앞),19분 후 (하남검단산),하남검단산,운행중,1140,방화,상행,0,200,INFO-000,정상 처리되었습니다.,1005000550,1,200,INFO-000,정상 처리되었습니다.
5호선,방화,7분 후 (송정),송정,운행중,420,방화,상행,0,200,INFO-000,정상 처리되었습니다.,1005000510,0,200,INFO-000,정상 처리되었습니다.
5호선,둔촌동,5분 후 (광나루(장신대)),광나루(장신대),운행중,300,마천,하행,0,200,INFO-000,정상 처리되었습니다.,1005080549,0,200,INFO-000,정상 처리되었습니다.
5호선,상일동,7분 후 (굽은다리(강동구민회관앞)),굽은다리(강동구민회관앞),운행중,420,하남검단산,하행,0,200,INFO-000,정상 처리되었습니다.,1005000553,0,200,INFO-000,정상 처리되었습니다.
5호선,신정(은행정),6분 후 (우장산),우장산,운행중,360,하남검단산,하행,0,200,INFO-000,정상 처리되었습니다.,1005000519,0,200,INFO-000,정상 처리되었습니다.
5호선,장한평,7분 후 (행당),행당,운행중,420,마천,하행,0,200,INFO-000,정상 처리되었습니다.,1005000543,0,200,INFO-000,정상 처리되었습니다.
5호선,마장,7분 후 (청구),청구,운행중,420,하남검단산,하행,0,200,INFO-000,정상 처리되었습니다.,1005000541,0,200,INFO-000,정상 처리되었습니다.
5호선,군자(능동),9분 후 (행당),행당,운행중,540,마천,하행,0,200,INFO-000,정상 처리되었습니다.,1005000544,1,200,INFO-000,정상 처리되었습니다.
5호선,영등포구청,영등포구청 도착,영등포구청,도착,60,하남검단산,하행,0,200,INFO-000,정상 처리되었습니다.,1005000523,1,200,INFO-000,정상 처리되었습니다.
5호선,굽은다리(강동구민회관앞),굽은다리(강동구민회관앞) 전역출발,굽은다리(강동구민회관앞),전역출발,60,하남검단산,하행,0,200,INFO-000,정상 처리되었습니다.,1005000550,1,200,INFO-000,정상 처리되었습니다.
5호선,청구,청구 전역출발,청구,전역출발,60,하남검단산,하행,0,200,INFO-000,정상 처리되었습니다.,1005000537,1,200,INFO-000,정상 처리되었습니다.
5호선,군자(능동),군자(능동) 전역출발,군자(능동),전역출발,60,하남검단산,하행,0,200,INFO-000,정상 처리되었습니다.,1005000544,1,200,INFO-000,정상 처리되었습니다.
5호선,애오개,애오개 전역출발,애오개,전역출발,60,하남검단산,하행,0,200,INFO-000,정상 처리되었습니다.,1005000530,1,200,INFO-000,정상 처리되었습니다.
5호선,화곡,8분 후 (송정),송정,운행중,480,마천,하행,0,200,INFO-000,정상 처리되었습니다.,1005000517,1,200,INFO-000,정상 처리되었습니다.
5호선,광나루(장신대),8분 후 (둔촌동),둔촌동,운행중,480,방화,상행,0,200,INFO-000,정상 처리되었습니다.,1005000546,0,200,INFO-000,정상 처리되었습니다.
5호선,여의나루,14분 후 (종로3가),종로3가,운행중,840,방화,상행,0,200,INFO-000,정상 처리되었습니다.,1005000527,1,200,INFO-000,정상 처리되었습니다.
6호선,광흥창,7분 후 (마포구청),마포구청,운행중,420,신내,하행,0,200,INFO-000,정상 처리되었습니다.,1006000624,0,200,INFO-000,정상 처리되었습니다.
6호선,공덕,4분 후 (삼각지),삼각지,운행중,240,응암순환(상선),상행,0,200,INFO-000,정상 처리되었습니다.,1006000626,1,200,INFO-000,정상 처리되었습니다.
6호선,돌곶이,13분 후 (신내),신내,운행중,780,응암순환(상선),상행,0,200,INFO-000,정상 처리되었습니다.,1006000643,1,200,INFO-000,정상 처리되었습니다.
6호선,상월곡(한국과학기술연구원),7분 후 (봉화산),봉화산,운행중,420,응암순환(상선),상행,0,200,INFO-000,정상 처리되었습니다.,1006000642,0,200,INFO-000,정상 처리되었습니다.
6호선,창신,9분 후 (상월곡(한국과학기술연구원)),상월곡(한국과학기술연구원),운행중,540,응암순환(상선),상행,0,200,INFO-000,정상 처리되었습니다.,1006000637,0,200,INFO-000,정상 처리되었습니다.
6호선,월드컵경기장(성산),10분 후 (광흥창),광흥창,운행중,600,응암순환(상선),상행,0,200,INFO-000,정상 처리되었습니다.,1006000619,0,200,INFO-000,정상 처리되었습니다.
6호선,약수,약수 도착,약수,도착,60,응암순환(상선),상행,0,200,INFO-000,정상 처리되었습니다.,1006000633,0,200,INFO-000,정상 처리되었습니다.
6호선,삼각지,9분 후 (약수),약수,운행중,540,응암순환(상선),상행,0,200,INFO-000,정상 처리되었습니다.,1006000628,0,200,INFO-000,정상 처리되었습니다.
6호선,약수,8분 후 (보문),보문,운행중,480,응암순환(상선),상행,0,200,INFO-000,정상 처리되었습니다.,1006000633,0,200,INFO-000,정상 처리되었습니다.
6호선,약수,6분 후 (녹사평),녹사평,운행중,360,봉화산,하행,0,200,INFO-000,정상 처리되었습니다.,1006000633,0,200,INFO-000,정상 처리되었습니다.
6호선,마포구청,마포구청 도착,마포구청,도착,60,응암순환(상선),상행,0,200,INFO-000,정상 처리되었습니다.,1006000620,1,200,INFO-000,정상 처리되었습니다.
6호선,봉화산,봉화산 전역출발,봉화산,전역출발,60,응암순환(상선),상행,0,200,INFO-000,정상 처리되었습니다.,1006000647,1,200,INFO-000,정상 처리되었습니다.
6호선,상월곡(한국과학기술연구원),상월곡(한국과학기술연구원) 도착,상월곡(한국과학기술연구원),도착,60,응암순환(상선),상행,0,200,INFO-000,정상 처리되었습니다.,1006000642,0,200,INFO-000,정상 처리되었습니다.
6호선,상월곡(한국과학기술연구원),14분 후 (청구),청구,운행중,840,신내,하행,0,200,INFO-000,정상 처리되었습니다.,1006000642,0,200,INFO-000,정상 처리되었습니다.
6호선,광흥창,14분 후 (새절(신사)),새절(신사),운행중,840,봉화산,하행,0,200,INFO-000,정상 처리되었습니다.,1006000624,0,200,INFO-000,정상 처리되었습니다.
6호선,약수,15분 후 (대흥(서강대앞)),대흥(서강대앞),운행중,900,봉화산,하행,0,200,INFO-000,정상 처리되었습니다.,1006000633,0,200,INFO-000,정상 처리되었습니다.
6호선,삼각지,15분 후 (마포구청),마포구청,운행중,900,신내,하행,0,200,INFO-000,정상 처리되었습니다.,1006000628,0,200,INFO-000,정상 처리되었습니다.
6호선,공덕,13분 후 (약수),약수,운행중,780,응암순환(상선),상행,0,200,INFO-000,정상 처리되었습니다.,1006000626,1,200,INFO-000,정상 처리되었습니다.
6호선,안암(고대병원앞),13분 후 (봉화산),봉화산,운행중,780,응암순환(상선),상행,0,200,INFO-000,정상 처리되었습니다.,1006000639,1,200,INFO-000,정상 처리되었습니다.
6호선,이태원,13분 후 (보문),보문,운행중,780,응암순환(상선),상행,0,200,INFO-000,정상 처리되었습니다.,1006000630,1,200,INFO-000,정상 처리되었습니다.
6호선,청구,14분 후 (상월곡(한국과학기술연구원)),상월곡(한국과학기술연구원),운행중,840,응암순환(상선),상행,0,200,INFO-000,정상 처리되었습니다.,1006000634,1,200,INFO-000,정상 처리되었습니다.
6호선,새절(신사),15분 후 (광흥창),광흥창,운행중,900,응암순환(상선),상행,0,200,INFO-000,정상 처리되었습니다.,1006000616,1,200,INFO-000,정상 처리되었습니다.
6호선,광흥창,광흥창 전역출발,대흥(서강대앞),전역출발,120,응암순환(상선),상행,0,200,INFO-000,정상 처리되었습니다.,1006000624,0,200,INFO-000,정상 처리되었습니다.
6호선,공덕,11분 후 (마포구청),마포구청,운행중,660,신내,하행,0,200,INFO-000,정상 처리되었습니다.,1006000626,1,200,INFO-000,정상 처리되었습니다.
6호선,월드컵경기장(성산),14분 후 (독바위),독바위,운행중,840,봉화산,하행,0,200,INFO-000,정상 처리되었습니다.,1006000619,0,200,INFO-000,정상 처리되었습니다.
6호선,창신,13분 후 (이태원),이태원,운행중,780,봉화산,하행,0,200,INFO-000,정상 처리되었습니다.,1006000637,0,200,INFO-000,정상 처리되었습니다.
6호선,화랑대(서울여대입구),13분 후 (안암(고대병원앞)),안암(고대병원앞),운행중,780,봉화산,하행,0,200,INFO-000,정상 처리되었습니다.,1006000646,0,200,INFO-000,정상 처리되었습니다.
6호선,화랑대(서울여대입구),8분 후 (신내),신내,운행중,480,응암순환(상선),상행,0,200,INFO-000,정상 처리되었습니다.,1006000646,0,200,INFO-000,정상 처리되었습니다.
6호선,봉화산,봉화산 도착,봉화산,도착,60,신내,하행,0,200,INFO-000,정상 처리되었습니다.,1006000647,1,200,INFO-000,정상 처리되었습니다.
6호선,새절(신사),새절(신사) 도착,새절(신사),도착,60,봉화산,하행,0,200,INFO-000,정상 처리되었습니다.,1006000616,1,200,INFO-000,정상 처리되었습니다.
6호선,안암(고대병원앞),안암(고대병원앞) 전역출발,안암(고대병원앞),전역출발,60,봉화산,하행,0,200,INFO-000,정상 처리되었습니다.,1006000639,1,200,INFO-000,정상 처리되었습니다.
6호선,돌곶이,돌곶이 도착,돌곶이,도착,60,봉화산,하행,0,200,INFO-000,정상 처리되었습니다.,1006000643,1,200,INFO-000,정상 처리되었습니다.
6호선,안암(고대병원앞),9분 후 (청구),청구,운행중,540,신내,하행,0,200,INFO-000,정상 처리되었습니다.,1006000639,1,200,INFO-000,정상 처리되었습니다.
6호선,화랑대(서울여대입구),6분 후 (돌곶이),돌곶이,운행중,360,봉화산,하행,0,200,INFO-000,정상 처리되었습니다.,1006000646,0,200,INFO-000,정상 처리되었습니다.
6호선,상월곡(한국과학기술연구원),6분 후 (안암(고대병원앞)),안암(고대병원앞),운행중,360,봉화산,하행,0,200,INFO-000,정상 처리되었습니다.,1006000642,0,200,INFO-000,정상 처리되었습니다.
6호선,삼각지,5분 후 (대흥(서강대앞)),대흥(서강대앞),운행중,300,봉화산,하행,0,200,INFO-000,정상 처리되었습니다.,1006000628,0,200,INFO-000,정상 처리되었습니다.
6호선,월드컵경기장(성산),5분 후 (새절(신사)),새절(신사),운행중,300,봉화산,하행,0,200,INFO-000,정상 처리되었습니다.,1006000619,0,200,INFO-000,정상 처리되었습니다.
6호선,창신,창신 전역출발,보문,전역출발,120,응암순환(상선),상행,0,200,INFO-000,정상 처리되었습니다.,1006000637,0,200,INFO-000,정상 처리되었습니다.
6호선,화랑대(서울여대입구),화랑대(서울여대입구) 전역출발,봉화산,전역출발,60,응암순환(상선),상행,0,200,INFO-000,정상 처리되었습니다.,1006000646,0,200,INFO-000,정상 처리되었습니다.
6호선,마포구청,마포구청 전역출발,마포구청,전역출발,60,신내,하행,0,200,INFO-000,정상 처리되었습니다.,1006000620,1,200,INFO-000,정상 처리되었습니다.
6호선,청구,8분 후 (녹사평),녹사평,운행중,480,봉화산,하행,0,200,INFO-000,정상 처리되었습니다.,1006000634,1,200,INFO-000,정상 처리되었습니다.
6호선,이태원,9분 후 (대흥(서강대앞)),대흥(서강대앞),운행중,540,봉화산,하행,0,200,INFO-000,정상 처리되었습니다.,1006000630,1,200,INFO-000,정상 처리되었습니다.
6호선,청구,6분 후 (보문),보문,운행중,360,응암순환(상선),상행,0,200,INFO-000,정상 처리되었습니다.,1006000634,1,200,INFO-000,정상 처리되었습니다.
6호선,돌곶이,6분 후 (봉화산),봉화산,운행중,360,응암순환(상선),상행,0,200,INFO-000,정상 처리되었습니다.,1006000643,1,200,INFO-000,정상 처리되었습니다.
6호선,새절(신사),9분 후 (독바위),독바위,운행중,540,봉화산,하행,0,200,INFO-000,정상 처리되었습니다.,1006000616,1,200,INFO-000,정상 처리되었습니다.
6호선,마포구청,7분 후 (새절(신사)),새절(신사),운행중,420,봉화산,하행,0,200,INFO-000,정상 처리되었습니다.,1006000620,1,200,INFO-000,정상 처리되었습니다.
6호선,돌곶이,8분 후 (안암(고대병원앞)),안암(고대병원앞),운행중,480,봉화산,하행,0,200,INFO-000,정상 처리되었습니다.,1006000643,1,200,INFO-000,정상 처리되었습니다.
6호선,봉화산,8분 후 (돌곶이),돌곶이,운행중,480,봉화산,하행,0,200,INFO-000,정상 처리되었습니다.,1006000647,1,200,INFO-000,정상 처리되었습니다.
6호선,이태원,5분 후 (약수),약수,운행중,300,응암순환(상선),상행,0,200,INFO-000,정상 처리되었습니다.,1006000630,1,200,INFO-000,정상 처리되었습니다.
6호선,안암(고대병원앞),5분 후 (상월곡(한국과학기술연구원)),상월곡(한국과학기술연구원),운행중,300,응암순환(상선),상행,0,200,INFO-000,정상 처리되었습니다.,1006000639,1,200,INFO-000,정상 처리되었습니다.
6호선,연신내,9분 후 (응암(하선-종착)),응암(하선-종착),운행중,540,신내,하행,0,200,INFO-000,정상 처리되었습니다.,1006000614,1,200,INFO-000,정상 처리되었습니다.
6호선,마포구청,8분 후 (광흥창),광흥창,운행중,480,응암순환(상선),상행,0,200,INFO-000,정상 처리되었습니다.,1006000620,1,200,INFO-000,정상 처리되었습니다.
6호선,광흥창,9분 후 (삼각지),삼각지,운행중,540,응암순환(상선),상행,0,200,INFO-000,정상 처리되었습니다.,1006000624,0,200,INFO-000,정상 처리되었습니다.
7호선,신중동,3분 후 (상동),상동,운행중,180,도봉산,상행,0,200,INFO-000,정상 처리되었습니다.,1007000754,1,200,INFO-000,정상 처리되었습니다.
7호선,상동,17분 후 (광명사거리),광명사거리,운행중,1020,석남,하행,0,200,INFO-000,정상 처리되었습니다.,1007000756,0,200,INFO-000,정상 처리되었습니다.
7호선,신대방삼거리,8분 후 (남구로),남구로,운행중,480,도봉산,상행,0,200,INFO-000,정상 처리되었습니다.,1007000741,0,200,INFO-000,정상 처리되었습니다.
7호선,가산디지털단지,10분 후 (온수),온수,운행중,600,도봉산,상행,0,200,INFO-000,정상 처리되었습니다.,1007000746,1,200,INFO-000,정상 처리되었습니다.
7호선,도봉산,도봉산 도착,도봉산,도착,300,석남,하행,0,200,INFO-000,정상 처리되었습니다.,1007000710,0,200,INFO-000,정상 처리되었습니다.
7호선,남구로,5분 후 (보라매),보라매,운행중,300,석남,하행,0,200,INFO-000,정상 처리되었습니다.,1007000745,0,200,INFO-000,정상 처리되었습니다.
7호선,군자(능동),4분 후 (용마산),용마산,운행중,240,온수,하행,0,200,INFO-000,정상 처리되었습니다.,1007000725,0,200,INFO-000,정상 처리되었습니다.
7호선,광명사거리,5분 후 (온수),온수,운행중,300,도봉산,상행,0,200,INFO-000,정상 처리되었습니다.,1007000748,1,200,INFO-000,정상 처리되었습니다.
7호선,신풍,4분 후 (남구로),남구로,운행중,240,도봉산,상행,0,200,INFO-000,정상 처리되었습니다.,1007000743,1,200,INFO-000,정상 처리되었습니다.
7호선,남구로,5분 후 (철산),철산,운행중,300,장암,상행,0,200,INFO-000,정상 처리되었습니다.,1007000745,0,200,INFO-000,정상 처리되었습니다.
7호선,광명사거리,9분 후 (온수),온수,운행중,540,장암,상행,0,200,INFO-000,정상 처리되었습니다.,1007000748,1,200,INFO-000,정상 처리되었습니다.
7호선,고속터미널,5분 후 (총신대입구(이수)),총신대입구(이수),운행중,300,장암,상행,0,200,INFO-000,정상 처리되었습니다.,1007000734,0,200,INFO-000,정상 처리되었습니다.
7호선,중화,4분 후 (면목),면목,운행중,240,도봉산,상행,0,200,INFO-000,정상 처리되었습니다.,1007000719,0,200,INFO-000,정상 처리되었습니다.
7호선,마들,5분 후 (도봉산),도봉산,운행중,300,온수,하행,0,200,INFO-000,정상 처리되었습니다.,1007000712,0,200,INFO-000,정상 처리되었습니다.
7호선,광명사거리,5분 후 (가산디지털단지),가산디지털단지,운행중,300,온수,하행,0,200,INFO-000,정상 처리되었습니다.,1007000748,1,200,INFO-000,정상 처리되었습니다.
7호선,고속터미널,10분 후 (청담),청담,운행중,600,온수,하행,0,200,INFO-000,정상 처리되었습니다.,1007000734,0,200,INFO-000,정상 처리되었습니다.
7호선,남구로,11분 후 (장승배기),장승배기,운행중,660,온수,하행,0,200,INFO-000,정상 처리되었습니다.,1007000745,0,200,INFO-000,정상 처리되었습니다.
7호선,신풍,신풍 진입,신풍,진입,60,석남,하행,0,200,INFO-000,정상 처리되었습니다.,1007000743,1,200,INFO-000,정상 처리되었습니다.
7호선,석남,석남 도착,석남,도착,720,도봉산,상행,0,200,INFO-000,정상 처리되었습니다.,1007000761,0,200,INFO-000,정상 처리되었습니다.
7호선,용마산,용마산 도착,용마산,도착,60,온수,하행,0,200,INFO-000,정상 처리되었습니다.,1007000723,1,200,INFO-000,정상 처리되었습니다.
7호선,공릉(서울산업대입구),공릉(서울산업대입구) 도착,공릉(서울산업대입구),도착,60,온수,하행,0,200,INFO-000,정상 처리되었습니다.,1007000716,1,200,INFO-000,정상 처리되었습니다.
7호선,내방,9분 후 (학동),학동,운행중,540,석남,하행,0,200,INFO-000,정상 처리되었습니다.,1007000735,1,200,INFO-000,정상 처리되었습니다.
7호선,강남구청,9분 후 (어린이대공원(세종대)),어린이대공원(세종대),운행중,540,석남,하행,0,200,INFO-000,정상 처리되었습니다.,1007000730,0,200,INFO-000,정상 처리되었습니다.
7호선,용마산,7분 후 (중화),중화,운행중,420,석남,하행,0,200,INFO-000,정상 처리되었습니다.,1007000723,1,200,INFO-000,정상 처리되었습니다.
7호선,산곡,산곡 진입,산곡,진입,60,석남,하행,0,200,INFO-000,정상 처리되었습니다.,1007000760,1,200,INFO-000,정상 처리되었습니다.
7호선,면목,9분 후 (공릉(서울산업대입구)),공릉(서울산업대입구),운행중,540,온수,하행,0,200,INFO-000,정상 처리되었습니다.,1007000721,0,200,INFO-000,정상 처리되었습니다.
7호선,남성,남성 도착,남성,도착,60,석남,하행,0,200,INFO-000,정상 처리되었습니다.,1007000737,1,200,INFO-000,정상 처리되었습니다.
7호선,학동,학동 도착,학동,도착,60,석남,하행,0,200,INFO-000,정상 처리되었습니다.,1007000731,1,200,INFO-000,정상 처리되었습니다.
7호선,어린이대공원(세종대),어린이대공원(세종대) 도착,어린이대공원(세종대),도착,60,석남,하행,0,200,INFO-000,정상 처리되었습니다.,1007000726,1,200,INFO-000,정상 처리되었습니다.
7호선,중화,중화 출발,중화,출발,60,석남,하행,0,200,INFO-000,정상 처리되었습니다.,1007000719,0,200,INFO-000,정상 처리되었습니다.
7호선,광명사거리,12분 후 (신풍),신풍,운행중,720,석남,하행,0,200,INFO-000,정상 처리되었습니다.,1007000748,1,200,INFO-000,정상 처리되었습니다.
7호선,총신대입구(이수),10분 후 (학동),학동,운행중,600,석남,하행,0,200,INFO-000,정상 처리되었습니다.,1007000736,0,200,INFO-000,정상 처리되었습니다.
7호선,신대방삼거리,3분 후 (상도(중앙대앞)),상도(중앙대앞),운행중,180,온수,하행,0,200,INFO-000,정상 처리되었습니다.,1007000741,0,200,INFO-000,정상 처리되었습니다.
7호선,강남구청,3분 후 (뚝섬유원지),뚝섬유원지,운행중,180,온수,하행,0,200,INFO-000,정상 처리되었습니다.,1007000730,0,200,INFO-000,정상 처리되었습니다.
7호선,철산,7분 후 (온수),온수,운행중,420,도봉산,상행,0,200,INFO-000,정상 처리되었습니다.,1007000747,0,200,INFO-000,정상 처리되었습니다.
7호선,상동,5분 후 (춘의역),춘의역,운행중,300,석남,하행,0,200,INFO-000,정상 처리되었습니다.,1007000756,0,200,INFO-000,정상 처리되었습니다.
7호선,고속터미널,5분 후 (학동),학동,운행중,300,석남,하행,0,200,INFO-000,정상 처리되었습니다.,1007000734,0,200,INFO-000,정상 처리되었습니다.
7호선,산곡,12분 후 (춘의역),춘의역,운행중,720,석남,하행,0,200,INFO-000,정상 처리되었습니다.,1007000760,1,200,INFO-000,정상 처리되었습니다.
7호선,학동,10분 후 (총신대입구(이수)),총신대입구(이수),운행중,600,장암,상행,0,200,INFO-000,정상 처리되었습니다.,1007000731,1,200,INFO-000,정상 처리되었습니다.
7호선,용마산,11분 후 (뚝섬유원지),뚝섬유원지,운행중,660,도봉산,상행,0,200,INFO-000,정상 처리되었습니다.,1007000723,1,200,INFO-000,정상 처리되었습니다.
7호선,중계,3분 후 (마들),마들,운행중,180,석남,하행,0,200,INFO-000,정상 처리되었습니다.,1007000714,0,200,INFO-000,정상 처리되었습니다.
7호선,어린이대공원(세종대),5분 후 (청담),청담,운행중,300,도봉산,상행,0,200,INFO-000,정상 처리되었습니다.,1007000726,1,200,INFO-000,정상 처리되었습니다.
7호선,군자(능동),7분 후 (뚝섬유원지),뚝섬유원지,운행중,420,도봉산,상행,0,200,INFO-000,정상 처리되었습니다.,1007000725,0,200,INFO-000,정상 처리되었습니다.
7호선,총신대입구(이수),7분 후 (상도(중앙대앞)),상도(중앙대앞),운행중,420,도봉산,상행,0,200,INFO-000,정상 처리되었습니다.,1007000736,0,200,INFO-000,정상 처리되었습니다.
7호선,신중동,15분 후 (석남),석남,운행중,900,도봉산,상행,0,200,INFO-000,정상 처리되었습니다.,1007000754,1,200,INFO-000,정상 처리되었습니다.
7호선,노원,10분 후 (중화),중화,운행중,600,장암,상행,0,200,INFO-000,정상 처리되었습니다.,1007000713,1,200,INFO-000,정상 처리되었습니다.
7호선,학동,6분 후 (고속터미널),고속터미널,운행중,360,도봉산,상행,0,200,INFO-000,정상 처리되었습니다.,1007000731,1,200,INFO-000,정상 처리되었습니다.
7호선,마들,4분 후 (중계),중계,운행중,240,도봉산,상행,0,200,INFO-000,정상 처리되었습니다.,1007000712,0,200,INFO-000,정상 처리되었습니다.
7호선,군자(능동),11분 후 (중화),중화,운행중,660,석남,하행,0,200,INFO-000,정상 처리되었습니다.,1007000725,0,200,INFO-000,정상 처리되었습니다.
7호선,도봉산,10분 후 (중계),중계,운행중,600,도봉산,상행,0,200,INFO-000,정상 처리되었습니다.,1007000710,0,200,INFO-000,정상 처리되었습니다.
7호선,신중동,13분 후 (광명사거리),광명사거리,운행중,780,석남,하행,0,200,INFO-000,정상 처리되었습니다.,1007000754,1,200,INFO-000,정상 처리되었습니다.
7호선,도봉산,5분 후 (마들),마들,운행중,300,장암,상행,0,200,INFO-000,정상 처리되었습니다.,1007000710,0,200,INFO-000,정상 처리되었습니다.
7호선,청담,3분 후 (학동),학동,운행중,180,장암,상행,0,200,INFO-000,정상 처리되었습니다.,1007000729,0,200,INFO-000,정상 처리되었습니다.
7호선,용마산,4분 후 (군자(능동)),군자(능동),운행중,240,장암,상행,0,200,INFO-000,정상 처리되었습니다.,1007000723,1,200,INFO-000,정상 처리되었습니다.
7호선,중화,5분 후 (공릉(서울산업대입구)),공릉(서울산업대입구),운행중,300,온수,하행,0,200,INFO-000,정상 처리되었습니다.,1007000719,0,200,INFO-000,정상 처리되었습니다.
7호선,노원,7분 후 (도봉산),도봉산,운행중,420,온수,하행,0,200,INFO-000,정상 처리되었습니다.,1007000713,1,200,INFO-000,정상 처리되었습니다.
7호선,어린이대공원(세종대),6분 후 (용마산),용마산,운행중,360,온수,하행,0,200,INFO-000,정상 처리되었습니다.,1007000726,1,200,INFO-000,정상 처리되었습니다.
7호선,학동,5분 후 (뚝섬유원지),뚝섬유원지,운행중,300,온수,하행,0,200,INFO-000,정상 처리되었습니다.,1007000731,1,200,INFO-000,정상 처리되었습니다.
7호선,남성,5분 후 (고속터미널),고속터미널,운행중,300,온수,하행,0,200,INFO-000,정상 처리되었습니다.,1007000737,1,200,INFO-000,정상 처리되었습니다.
7호선,가산디지털단지,7분 후 (신풍),신풍,운행중,420,석남,하행,0,200,INFO-000,정상 처리되었습니다.,1007000746,1,200,INFO-000,정상 처리되었습니다.
7호선,청담,7분 후 (어린이대공원(세종대)),어린이대공원(세종대),운행중,420,석남,하행,0,200,INFO-000,정상 처리되었습니다.,1007000729,0,200,INFO-000,정상 처리되었습니다.
7호선,공릉(서울산업대입구),6분 후 (노원),노원,운행중,360,석남,하행,0,200,INFO-000,정상 처리되었습니다.,1007000716,1,200,INFO-000,정상 처리되었습니다.
7호선,신풍,7분 후 (장승배기),장승배기,운행중,420,온수,하행,0,200,INFO-000,정상 처리되었습니다.,1007000743,1,200,INFO-000,정상 처리되었습니다.
7호선,노원,2분 후 (하계),하계,운행중,120,도봉산,상행,0,200,INFO-000,정상 처리되었습니다.,1007000713,1,200,INFO-000,정상 처리되었습니다.
7호선,신풍,10분 후 (철산),철산,운행중,600,장암,상행,0,200,INFO-000,정상 처리되었습니다.,1007000743,1,200,INFO-000,정상 처리되었습니다.
7호선,남구로,남구로 도착,남구로,도착,60,도봉산,상행,0,200,INFO-000,정상 처리되었습니다.,1007000745,0,200,INFO-000,정상 처리되었습니다.
7호선,상도(중앙대앞),상도(중앙대앞) 도착,상도(중앙대앞),도착,60,도봉산,상행,0,200,INFO-000,정상 처리되었습니다.,1007000739,0,200,INFO-000,정상 처리되었습니다.
7호선,면목,면목 도착,면목,도착,60,도봉산,상행,0,200,INFO-000,정상 처리되었습니다.,1007000721,0,200,INFO-000,정상 처리되었습니다.
7호선,중계,중계 출발,중계,출발,60,도봉산,상행,0,200,INFO-000,정상 처리되었습니다.,1007000714,0,200,INFO-000,정상 처리되었습니다.
7호선,마들,10분 후 (도봉산),도봉산,운행중,600,석남,하행,0,200,INFO-000,정상 처리되었습니다.,1007000712,0,200,INFO-000,정상 처리되었습니다.
7호선,강남구청,8분 후 (고속터미널),고속터미널,운행중,480,도봉산,상행,0,200,INFO-000,정상 처리되었습니다.,1007000730,0,200,INFO-000,정상 처리되었습니다.
7호선,중계,8분 후 (중화),중화,운행중,480,장암,상행,0,200,INFO-000,정상 처리되었습니다.,1007000714,0,200,INFO-000,정상 처리되었습니다.
7호선,어린이대공원(세종대),10분 후 (강남구청),강남구청,운행중,600,장암,상행,0,200,INFO-000,정상 처리되었습니다.,1007000726,1,200,INFO-000,정상 처리되었습니다.
7호선,남성,10분 후 (신대방삼거리),신대방삼거리,운행중,600,장암,상행,0,200,INFO-000,정상 처리되었습니다.,1007000737,1,200,INFO-000,정상 처리되었습니다.
7호선,공릉(서울산업대입구),9분 후 (면목),면목,운행중,540,도봉산,상행,0,200,INFO-000,정상 처리되었습니다.,1007000716,1,200,INFO-000,정상 처리되었습니다.
7호선,청담,10분 후 (고속터미널),고속터미널,운행중,600,도봉산,상행,0,200,INFO-000,정상 처리되었습니다.,1007000729,0,200,INFO-000,정상 처리되었습니다.
7호선,상동,23분 후 (석남),석남,운행중,1380,도봉산,상행,0,200,INFO-000,정상 처리되었습니다.,1007000756,0,200,INFO-000,정상 처리되었습니다.
7호선,내방,9분 후 (상도(중앙대앞)),상도(중앙대앞),운행중,540,도봉산,상행,0,200,INFO-000,정상 처리되었습니다.,1007000735,1,200,INFO-000,정상 처리되었습니다.
7호선,상동,11분 후 (석남),석남,운행중,660,도봉산,상행,0,200,INFO-000,정상 처리되었습니다.,1007000756,0,200,INFO-000,정상 처리되었습니다.
7호선,남성,5분 후 (상도(중앙대앞)),상도(중앙대앞),운행중,300,도봉산,상행,0,200,INFO-000,정상 처리되었습니다.,1007000737,1,200,INFO-000,정상 처리되었습니다.
7호선,철산,철산 진입,철산,진입,60,장암,상행,0,200,INFO-000,정상 처리되었습니다.,1007000747,0,200,INFO-000,정상 처리되었습니다.
7호선,마들,마들 도착,마들,도착,60,장암,상행,0,200,INFO-000,정상 처리되었습니다.,1007000712,0,200,INFO-000,정상 처리되었습니다.
7호선,석남,15분 후 (춘의역),춘의역,운행중,900,석남,하행,0,200,INFO-000,정상 처리되었습니다.,1007000761,0,200,INFO-000,정상 처리되었습니다.
7호선,온수,4분 후 (광명사거리),광명사거리,운행중,240,석남,하행,0,200,INFO-000,정상 처리되었습니다.,1007000750,1,200,INFO-000,정상 처리되었습니다.
7호선,신대방삼거리,9분 후 (남성),남성,운행중,540,석남,하행,0,200,INFO-000,정상 처리되었습니다.,1007000741,0,200,INFO-000,정상 처리되었습니다.
7호선,철산,10분 후 (신풍),신풍,운행중,600,석남,하행,0,200,INFO-000,정상 처리되었습니다.,1007000747,0,200,INFO-000,정상 처리되었습니다.
7호선,가산디지털단지,가산디지털단지 도착,가산디지털단지,도착,60,온수,하행,0,200,INFO-000,정상 처리되었습니다.,1007000746,1,200,INFO-000,정상 처리되었습니다.
7호선,내방,내방 진입,내방,진입,60,온수,하행,0,200,INFO-000,정상 처리되었습니다.,1007000735,1,200,INFO-000,정상 처리되었습니다.
7호선,면목,4분 후 (중화),중화,운행중,240,석남,하행,0,200,INFO-000,정상 처리되었습니다.,1007000721,0,200,INFO-000,정상 처리되었습니다.
7호선,상도(중앙대앞),5분 후 (남성),남성,운행중,300,석남,하행,0,200,INFO-000,정상 처리되었습니다.,1007000739,0,200,INFO-000,정상 처리되었습니다.
7호선,중화,중화 도착,중화,도착,60,장암,상행,0,200,INFO-000,정상 처리되었습니다.,1007000719,0,200,INFO-000,정상 처리되었습니다.
7호선,온수,10분 후 (가산디지털단지),가산디지털단지,운행중,600,온수,하행,0,200,INFO-000,정상 처리되었습니다.,1007000750,1,200,INFO-000,정상 처리되었습니다.
7호선,상도(중앙대앞),9분 후 (내방),내방,운행중,540,온수,하행,0,200,INFO-000,정상 처리되었습니다.,1007000739,0,200,INFO-000,정상 처리되었습니다.
7호선,중계,9분 후 (도봉산),도봉산,운행중,540,온수,하행,0,200,INFO-000,정상 처리되었습니다.,1007000714,0,200,INFO-000,정상 처리되었습니다.
7호선,공릉(서울산업대입구),5분 후 (중화),중화,운행중,300,장암,상행,0,200,INFO-000,정상 처리되었습니다.,1007000716,1,200,INFO-000,정상 처리되었습니다.
7호선,군자(능동),군자(능동) 진입,군자(능동),진입,60,장암,상행,0,200,INFO-000,정상 처리되었습니다.,1007000725,0,200,INFO-000,정상 처리되었습니다.
8호선,산성,도착 (단대오거리),단대오거리,도착,0,송파,상행,0,200,INFO-000,정상 처리되었습니다.,1008000822,1,200,INFO-000,정상 처리되었습니다.
8호선,단대오거리,도착 (가락시장),가락시장,도착,0,모란,하행,0,200,INFO-000,정상 처리되었습니다.,1008000824,0,200,INFO-000,정상 처리되었습니다.
8호선,복정,도착 (몽촌토성(평화의문)),몽촌토성(평화의문),도착,0,모란,하행,0,200,INFO-000,정상 처리되었습니다.,1008000820,0,200,INFO-000,정상 처리되었습니다.
8호선,가락시장,가락시장 도착,가락시장,도착,0,모란,하행,0,200,INFO-000,정상 처리되었습니다.,1008000817,1,200,INFO-000,정상 처리되었습니다.
8호선,산성,산성 출발,산성,출발,0,모란,하행,0,200,INFO-000,정상 처리되었습니다.,1008000822,1,200,INFO-000,정상 처리되었습니다.
8호선,단대오거리,도착 (산성),산성,도착,0,모란,하행,0,200,INFO-000,정상 처리되었습니다.,1008000824,0,200,INFO-000,정상 처리되었습니다.
8호선,가락시장,도착 (복정),복정,도착,0,송파,상행,0,200,INFO-000,정상 처리되었습니다.,1008000817,1,200,INFO-000,정상 처리되었습니다.
8호선,단대오거리,단대오거리 도착,단대오거리,도착,0,송파,상행,0,200,INFO-000,정상 처리되었습니다.,1008000824,0,200,INFO-000,정상 처리되었습니다.
8호선,복정,복정 도착,복정,도착,0,송파,상행,0,200,INFO-000,정상 처리되었습니다.,1008000820,0,200,INFO-000,정상 처리되었습니다.
